classification;forecast_state;da_price_sign;imbalance_price_sign;da_vs_imb;planned_grid_state;realized_grid_state;grid_transition;combination_key;step_count;day_count;model_day_count;physical_step_count;source_step_count;target_step_count;transfer_step_count;energy_kwh;physical_energy_kwh;source_energy_kwh;target_energy_kwh;transfer_energy_kwh;impact_total_eur;impact_delta_grid_fee_eur;impact_rebap_settlement_eur;impact_imbalance_da_reference_eur;impact_imbalance_spread_eur;physical_impact_total_eur;physical_impact_delta_grid_fee_eur;physical_impact_rebap_settlement_eur;physical_impact_imbalance_da_reference_eur;physical_impact_imbalance_spread_eur;source_impact_total_eur;source_impact_delta_grid_fee_eur;source_impact_rebap_settlement_eur;source_impact_imbalance_da_reference_eur;source_impact_imbalance_spread_eur;target_impact_total_eur;target_impact_delta_grid_fee_eur;target_impact_rebap_settlement_eur;target_impact_imbalance_da_reference_eur;target_impact_imbalance_spread_eur;transfer_impact_total_eur;transfer_impact_delta_grid_fee_eur;transfer_impact_rebap_settlement_eur;transfer_impact_imbalance_da_reference_eur;transfer_impact_imbalance_spread_eur;models;selected_cover_model_days
1.1.1.1.1;over;neg;neg;DA_gt_imb;export;export;export_to_export;over__da_neg__imb_neg__DA_gt_imb__plan_export__real_export;0;0;0;0;0;0;0;0,0;0,0;0,0;0,0;0,0;0,0;0,0;0,0;0,0;0,0;0,0;0,0;0,0;0,0;0,0;0,0;0,0;0,0;0,0;0,0;0,0;0,0;0,0;0,0;0,0;0,0;0,0;0,0;0,0;0,0;;
1.1.1.1.2;over;neg;neg;DA_gt_imb;export;import;export_to_import;over__da_neg__imb_neg__DA_gt_imb__plan_export__real_import;0;0;0;0;0;0;0;0,0;0,0;0,0;0,0;0,0;0,0;0,0;0,0;0,0;0,0;0,0;0,0;0,0;0,0;0,0;0,0;0,0;0,0;0,0;0,0;0,0;0,0;0,0;0,0;0,0;0,0;0,0;0,0;0,0;0,0;;
1.1.1.1.3;over;neg;neg;DA_gt_imb;export;no_flow;export_to_no_flow;over__da_neg__imb_neg__DA_gt_imb__plan_export__real_no_flow;0;0;0;0;0;0;0;0,0;0,0;0,0;0,0;0,0;0,0;0,0;0,0;0,0;0,0;0,0;0,0;0,0;0,0;0,0;0,0;0,0;0,0;0,0;0,0;0,0;0,0;0,0;0,0;0,0;0,0;0,0;0,0;0,0;0,0;;
1.1.1.2.1;over;neg;neg;DA_gt_imb;import;export;import_to_export;over__da_neg__imb_neg__DA_gt_imb__plan_import__real_export;0;0;0;0;0;0;0;0,0;0,0;0,0;0,0;0,0;0,0;0,0;0,0;0,0;0,0;0,0;0,0;0,0;0,0;0,0;0,0;0,0;0,0;0,0;0,0;0,0;0,0;0,0;0,0;0,0;0,0;0,0;0,0;0,0;0,0;;
1.1.1.2.2;over;neg;neg;DA_gt_imb;import;import;import_to_import;over__da_neg__imb_neg__DA_gt_imb__plan_import__real_import;9;4;6;0;4;2;3;1,0570005670866678;0,0;0,33565593546666717;0,3429420450666669;0,37840258655333375;-0,11290511617470139;-0,13568716279691506;0,022782046622213666;0,014402622230632876;0,008379424391581012;0,0;0,0;0,0;0,0;0,0;-0,039435506962430415;-0,04308815243585592;0,0036526454734255;0,0026428115412820037;0,0010098339321436684;-0,031453199247602565;-0,04402347032520786;0,0125702710776053;0,0062090133252533375;0,00636125775235201;-0,042016409964668405;-0,048575540035851274;0,0065591300711828684;0,005550797364097536;0,001008332707085334;source,target,transfer;
1.1.1.2.3;over;neg;neg;DA_gt_imb;import;no_flow;import_to_no_flow;over__da_neg__imb_neg__DA_gt_imb__plan_import__real_no_flow;0;0;0;0;0;0;0;0,0;0,0;0,0;0,0;0,0;0,0;0,0;0,0;0,0;0,0;0,0;0,0;0,0;0,0;0,0;0,0;0,0;0,0;0,0;0,0;0,0;0,0;0,0;0,0;0,0;0,0;0,0;0,0;0,0;0,0;;
1.1.1.3.1;over;neg;neg;DA_gt_imb;no_flow;export;no_flow_to_export;over__da_neg__imb_neg__DA_gt_imb__plan_no_flow__real_export;0;0;0;0;0;0;0;0,0;0,0;0,0;0,0;0,0;0,0;0,0;0,0;0,0;0,0;0,0;0,0;0,0;0,0;0,0;0,0;0,0;0,0;0,0;0,0;0,0;0,0;0,0;0,0;0,0;0,0;0,0;0,0;0,0;0,0;;
1.1.1.3.2;over;neg;neg;DA_gt_imb;no_flow;import;no_flow_to_import;over__da_neg__imb_neg__DA_gt_imb__plan_no_flow__real_import;305;34;109;110;73;66;56;72,78149837489791;26,597536375452897;20,356820890211672;14,232177049716668;11,594964059516666;-6,766242621883112;-9,342960946369585;2,576718324486472;0,5746735755781808;2,0020447489083057;-2,254756264724182;-3,414325744516883;1,159569479792701;0,22077240620064065;0,9387970735920658;-1,9253450156054268;-2,613205097660423;0,6878600820549964;0,16163607111820122;0,5262240109367983;-1,4531035080121741;-1,8269845678721262;0,37388105985995196;0,10309376372965368;0,2707872961303014;-1,1330378335413294;-1,4884455363201519;0,3554077027788226;0,08917133452968518;0,26623636824914054;physical,source,target,transfer;physical:2025-08-10 [17:15]|transfer:2025-09-14 [13:30,13:45]
1.1.1.3.3;over;neg;neg;DA_gt_imb;no_flow;no_flow;no_flow_to_no_flow;over__da_neg__imb_neg__DA_gt_imb__plan_no_flow__real_no_flow;115;20;45;61;37;9;8;0,0;0,0;0,0;0,0;0,0;0,0;0,0;0,0;0,0;0,0;0,0;0,0;0,0;0,0;0,0;0,0;0,0;0,0;0,0;0,0;0,0;0,0;0,0;0,0;0,0;0,0;0,0;0,0;0,0;0,0;physical,source,target,transfer;physical:2025-08-10 [15:45]
1.1.2.1.1;over;neg;neg;DA_lt_imb;export;export;export_to_export;over__da_neg__imb_neg__DA_lt_imb__plan_export__real_export;0;0;0;0;0;0;0;0,0;0,0;0,0;0,0;0,0;0,0;0,0;0,0;0,0;0,0;0,0;0,0;0,0;0,0;0,0;0,0;0,0;0,0;0,0;0,0;0,0;0,0;0,0;0,0;0,0;0,0;0,0;0,0;0,0;0,0;;
1.1.2.1.2;over;neg;neg;DA_lt_imb;export;import;export_to_import;over__da_neg__imb_neg__DA_lt_imb__plan_export__real_import;0;0;0;0;0;0;0;0,0;0,0;0,0;0,0;0,0;0,0;0,0;0,0;0,0;0,0;0,0;0,0;0,0;0,0;0,0;0,0;0,0;0,0;0,0;0,0;0,0;0,0;0,0;0,0;0,0;0,0;0,0;0,0;0,0;0,0;;
1.1.2.1.3;over;neg;neg;DA_lt_imb;export;no_flow;export_to_no_flow;over__da_neg__imb_neg__DA_lt_imb__plan_export__real_no_flow;0;0;0;0;0;0;0;0,0;0,0;0,0;0,0;0,0;0,0;0,0;0,0;0,0;0,0;0,0;0,0;0,0;0,0;0,0;0,0;0,0;0,0;0,0;0,0;0,0;0,0;0,0;0,0;0,0;0,0;0,0;0,0;0,0;0,0;;
1.1.2.2.1;over;neg;neg;DA_lt_imb;import;export;import_to_export;over__da_neg__imb_neg__DA_lt_imb__plan_import__real_export;0;0;0;0;0;0;0;0,0;0,0;0,0;0,0;0,0;0,0;0,0;0,0;0,0;0,0;0,0;0,0;0,0;0,0;0,0;0,0;0,0;0,0;0,0;0,0;0,0;0,0;0,0;0,0;0,0;0,0;0,0;0,0;0,0;0,0;;
1.1.2.2.2;over;neg;neg;DA_lt_imb;import;import;import_to_import;over__da_neg__imb_neg__DA_lt_imb__plan_import__real_import;8;5;7;0;3;3;2;0,5907594999999991;0,0;0,21663553749999967;0,14874519503333272;0,22537876746666669;-0,07005783050324502;-0,07583579701499951;0,0057779665117545;0,013202072005790629;-0,007424105494035643;0,0;0,0;0,0;0,0;0,0;-0,025822047234545138;-0,02780950394887484;0,0019874567143297003;0,0032377863967949947;-0,0012503296824649972;-0,017315684193121537;-0,019094420686428738;0,0017787364933072;0,0065341375777732994;-0,00475540108446598;-0,026920099075578338;-0,02893187237969594;0,0020117733041175997;0,0034301480312223347;-0,0014183747271046669;source,target,transfer;
1.1.2.2.3;over;neg;neg;DA_lt_imb;import;no_flow;import_to_no_flow;over__da_neg__imb_neg__DA_lt_imb__plan_import__real_no_flow;0;0;0;0;0;0;0;0,0;0,0;0,0;0,0;0,0;0,0;0,0;0,0;0,0;0,0;0,0;0,0;0,0;0,0;0,0;0,0;0,0;0,0;0,0;0,0;0,0;0,0;0,0;0,0;0,0;0,0;0,0;0,0;0,0;0,0;;
1.1.2.3.1;over;neg;neg;DA_lt_imb;no_flow;export;no_flow_to_export;over__da_neg__imb_neg__DA_lt_imb__plan_no_flow__real_export;0;0;0;0;0;0;0;0,0;0,0;0,0;0,0;0,0;0,0;0,0;0,0;0,0;0,0;0,0;0,0;0,0;0,0;0,0;0,0;0,0;0,0;0,0;0,0;0,0;0,0;0,0;0,0;0,0;0,0;0,0;0,0;0,0;0,0;;
1.1.2.3.2;over;neg;neg;DA_lt_imb;no_flow;import;no_flow_to_import;over__da_neg__imb_neg__DA_lt_imb__plan_no_flow__real_import;175;26;78;63;46;42;24;35,788724546834736;14,194516998088856;10,096083150658332;7,686813188087548;3,8113112100000004;-4,3009853177125885;-4,5941985700611205;0,2932132523485323;0,6143273530117859;-0,321114100663246;-1,6931880553890315;-1,8221501470446635;0,12896209165563202;0,2626341339802397;-0,13367204232460494;-1,2147957915263985;-1,2960341940339617;0,08123840250756337;0,17038195737260747;-0,08914355486504215;-0,9344374048879805;-0,9867562089547968;0,052318804066816264;0,11298041906882603;-0,060661615002007944;-0,45856406590917825;-0,4892580200276989;0,030693954118520637;0,06833084259011267;-0,03763688847159099;physical,source,target,transfer;physical:2025-08-10 [09:30,10:30,10:45]
1.1.2.3.3;over;neg;neg;DA_lt_imb;no_flow;no_flow;no_flow_to_no_flow;over__da_neg__imb_neg__DA_lt_imb__plan_no_flow__real_no_flow;118;14;32;47;40;23;8;0,0;0,0;0,0;0,0;0,0;0,0;0,0;0,0;0,0;0,0;0,0;0,0;0,0;0,0;0,0;0,0;0,0;0,0;0,0;0,0;0,0;0,0;0,0;0,0;0,0;0,0;0,0;0,0;0,0;0,0;physical,source,target,transfer;physical:2025-08-10 [11:15,11:30,11:45,12:15,12:30,13:00,13:15,13:30,13:45,14:00,14:15,14:30,14:45,15:00,15:15,15:30,16:00,16:15]
1.3.1.1.1;over;neg;pos;DA_gt_imb;export;export;export_to_export;over__da_neg__imb_pos__DA_gt_imb__plan_export__real_export;0;0;0;0;0;0;0;0,0;0,0;0,0;0,0;0,0;0,0;0,0;0,0;0,0;0,0;0,0;0,0;0,0;0,0;0,0;0,0;0,0;0,0;0,0;0,0;0,0;0,0;0,0;0,0;0,0;0,0;0,0;0,0;0,0;0,0;;
1.3.1.1.2;over;neg;pos;DA_gt_imb;export;import;export_to_import;over__da_neg__imb_pos__DA_gt_imb__plan_export__real_import;0;0;0;0;0;0;0;0,0;0,0;0,0;0,0;0,0;0,0;0,0;0,0;0,0;0,0;0,0;0,0;0,0;0,0;0,0;0,0;0,0;0,0;0,0;0,0;0,0;0,0;0,0;0,0;0,0;0,0;0,0;0,0;0,0;0,0;;
1.3.1.1.3;over;neg;pos;DA_gt_imb;export;no_flow;export_to_no_flow;over__da_neg__imb_pos__DA_gt_imb__plan_export__real_no_flow;0;0;0;0;0;0;0;0,0;0,0;0,0;0,0;0,0;0,0;0,0;0,0;0,0;0,0;0,0;0,0;0,0;0,0;0,0;0,0;0,0;0,0;0,0;0,0;0,0;0,0;0,0;0,0;0,0;0,0;0,0;0,0;0,0;0,0;;
1.3.1.2.1;over;neg;pos;DA_gt_imb;import;export;import_to_export;over__da_neg__imb_pos__DA_gt_imb__plan_import__real_export;0;0;0;0;0;0;0;0,0;0,0;0,0;0,0;0,0;0,0;0,0;0,0;0,0;0,0;0,0;0,0;0,0;0,0;0,0;0,0;0,0;0,0;0,0;0,0;0,0;0,0;0,0;0,0;0,0;0,0;0,0;0,0;0,0;0,0;;
1.3.1.2.2;over;neg;pos;DA_gt_imb;import;import;import_to_import;over__da_neg__imb_pos__DA_gt_imb__plan_import__real_import;0;0;0;0;0;0;0;0,0;0,0;0,0;0,0;0,0;0,0;0,0;0,0;0,0;0,0;0,0;0,0;0,0;0,0;0,0;0,0;0,0;0,0;0,0;0,0;0,0;0,0;0,0;0,0;0,0;0,0;0,0;0,0;0,0;0,0;;
1.3.1.2.3;over;neg;pos;DA_gt_imb;import;no_flow;import_to_no_flow;over__da_neg__imb_pos__DA_gt_imb__plan_import__real_no_flow;0;0;0;0;0;0;0;0,0;0,0;0,0;0,0;0,0;0,0;0,0;0,0;0,0;0,0;0,0;0,0;0,0;0,0;0,0;0,0;0,0;0,0;0,0;0,0;0,0;0,0;0,0;0,0;0,0;0,0;0,0;0,0;0,0;0,0;;
1.3.1.3.1;over;neg;pos;DA_gt_imb;no_flow;export;no_flow_to_export;over__da_neg__imb_pos__DA_gt_imb__plan_no_flow__real_export;0;0;0;0;0;0;0;0,0;0,0;0,0;0,0;0,0;0,0;0,0;0,0;0,0;0,0;0,0;0,0;0,0;0,0;0,0;0,0;0,0;0,0;0,0;0,0;0,0;0,0;0,0;0,0;0,0;0,0;0,0;0,0;0,0;0,0;;
1.3.1.3.2;over;neg;pos;DA_gt_imb;no_flow;import;no_flow_to_import;over__da_neg__imb_pos__DA_gt_imb__plan_no_flow__real_import;0;0;0;0;0;0;0;0,0;0,0;0,0;0,0;0,0;0,0;0,0;0,0;0,0;0,0;0,0;0,0;0,0;0,0;0,0;0,0;0,0;0,0;0,0;0,0;0,0;0,0;0,0;0,0;0,0;0,0;0,0;0,0;0,0;0,0;;
1.3.1.3.3;over;neg;pos;DA_gt_imb;no_flow;no_flow;no_flow_to_no_flow;over__da_neg__imb_pos__DA_gt_imb__plan_no_flow__real_no_flow;0;0;0;0;0;0;0;0,0;0,0;0,0;0,0;0,0;0,0;0,0;0,0;0,0;0,0;0,0;0,0;0,0;0,0;0,0;0,0;0,0;0,0;0,0;0,0;0,0;0,0;0,0;0,0;0,0;0,0;0,0;0,0;0,0;0,0;;
1.3.2.1.1;over;neg;pos;DA_lt_imb;export;export;export_to_export;over__da_neg__imb_pos__DA_lt_imb__plan_export__real_export;0;0;0;0;0;0;0;0,0;0,0;0,0;0,0;0,0;0,0;0,0;0,0;0,0;0,0;0,0;0,0;0,0;0,0;0,0;0,0;0,0;0,0;0,0;0,0;0,0;0,0;0,0;0,0;0,0;0,0;0,0;0,0;0,0;0,0;;
1.3.2.1.2;over;neg;pos;DA_lt_imb;export;import;export_to_import;over__da_neg__imb_pos__DA_lt_imb__plan_export__real_import;0;0;0;0;0;0;0;0,0;0,0;0,0;0,0;0,0;0,0;0,0;0,0;0,0;0,0;0,0;0,0;0,0;0,0;0,0;0,0;0,0;0,0;0,0;0,0;0,0;0,0;0,0;0,0;0,0;0,0;0,0;0,0;0,0;0,0;;
1.3.2.1.3;over;neg;pos;DA_lt_imb;export;no_flow;export_to_no_flow;over__da_neg__imb_pos__DA_lt_imb__plan_export__real_no_flow;0;0;0;0;0;0;0;0,0;0,0;0,0;0,0;0,0;0,0;0,0;0,0;0,0;0,0;0,0;0,0;0,0;0,0;0,0;0,0;0,0;0,0;0,0;0,0;0,0;0,0;0,0;0,0;0,0;0,0;0,0;0,0;0,0;0,0;;
1.3.2.2.1;over;neg;pos;DA_lt_imb;import;export;import_to_export;over__da_neg__imb_pos__DA_lt_imb__plan_import__real_export;0;0;0;0;0;0;0;0,0;0,0;0,0;0,0;0,0;0,0;0,0;0,0;0,0;0,0;0,0;0,0;0,0;0,0;0,0;0,0;0,0;0,0;0,0;0,0;0,0;0,0;0,0;0,0;0,0;0,0;0,0;0,0;0,0;0,0;;
1.3.2.2.2;over;neg;pos;DA_lt_imb;import;import;import_to_import;over__da_neg__imb_pos__DA_lt_imb__plan_import__real_import;40;9;18;6;15;6;13;3,7402119016565094;0,048241051169840565;1,8207953162833337;0,48636864520000045;1,3848068890033347;-0,7095439717572447;-0,4801310018156446;-0,22941296994160004;0,05160994926650469;-0,2810229192081062;-0,008204953607188281;-0,006192703738672244;-0,0020122498685160384;0,0005274262945779826;-0,0025396761630942137;-0,32255019908111005;-0,23373549475129105;-0,088814704329819;0,029627283519860336;-0,11844198784968002;-0,10262408457199024;-0,062435142984323774;-0,04018894158766647;0,006132410994674677;-0,04632135258234135;-0,27616473449695605;-0,17776766034135752;-0,09839707415559854;0,015322828457391689;-0,11371990261299063;physical,source,target,transfer;
1.3.2.2.3;over;neg;pos;DA_lt_imb;import;no_flow;import_to_no_flow;over__da_neg__imb_pos__DA_lt_imb__plan_import__real_no_flow;0;0;0;0;0;0;0;0,0;0,0;0,0;0,0;0,0;0,0;0,0;0,0;0,0;0,0;0,0;0,0;0,0;0,0;0,0;0,0;0,0;0,0;0,0;0,0;0,0;0,0;0,0;0,0;0,0;0,0;0,0;0,0;0,0;0,0;;
1.3.2.3.1;over;neg;pos;DA_lt_imb;no_flow;export;no_flow_to_export;over__da_neg__imb_pos__DA_lt_imb__plan_no_flow__real_export;0;0;0;0;0;0;0;0,0;0,0;0,0;0,0;0,0;0,0;0,0;0,0;0,0;0,0;0,0;0,0;0,0;0,0;0,0;0,0;0,0;0,0;0,0;0,0;0,0;0,0;0,0;0,0;0,0;0,0;0,0;0,0;0,0;0,0;;
1.3.2.3.2;over;neg;pos;DA_lt_imb;no_flow;import;no_flow_to_import;over__da_neg__imb_pos__DA_lt_imb__plan_no_flow__real_import;376;33;105;123;82;113;58;95,1315740098935;33,48868931895707;21,517002230292068;25,83983463245022;14,286047828194135;-16,684090441724603;-12,21204015565001;-4,472050286074592;1,2275073172120612;-5,69955760328667;-6,016981473557696;-4,298943047874513;-1,7180384256831824;0,4537927064203038;-2,1718311321034918;-3,6703990410823883;-2,7621375763025884;-0,9082614647797997;0,2761612336335836;-1,184422698413387;-4,454695468255714;-3,3170595717676297;-1,1376358964880848;0,3277760563294386;-1,4654119528175282;-2,542014458828803;-1,8338999597052785;-0,7081144991235246;0,16977732082873517;-0,8778918199522631;physical,source,target,transfer;physical:2025-08-10 [08:45,17:00]
1.3.2.3.3;over;neg;pos;DA_lt_imb;no_flow;no_flow;no_flow_to_no_flow;over__da_neg__imb_pos__DA_lt_imb__plan_no_flow__real_no_flow;82;18;36;41;28;9;4;0,0;0,0;0,0;0,0;0,0;0,0;0,0;0,0;0,0;0,0;0,0;0,0;0,0;0,0;0,0;0,0;0,0;0,0;0,0;0,0;0,0;0,0;0,0;0,0;0,0;0,0;0,0;0,0;0,0;0,0;physical,source,target,transfer;physical:2025-08-10 [09:45,12:00,12:45]
1.4.1.1.1;over;pos;neg;DA_gt_imb;export;export;export_to_export;over__da_pos__imb_neg__DA_gt_imb__plan_export__real_export;363;50;120;167;108;50;38;94,42580392637745;42,51649800633414;40,48379416161999;6,845326330836665;4,580185427586665;1,7388222901866666;0,0;1,7388222901866666;-2,898812066468917;4,637634356655601;0,7749516012143381;0,0;0,7749516012143381;-1,482778684513254;2,2577302857276;0,7765860454848404;0,0;0,7765860454848404;-0,9082276913880565;1,6848137368729028;0,10181086418553478;0,0;0,10181086418553478;-0,3295048192052277;0,43131568339076476;0,0854737793019533;0,0;0,0854737793019533;-0,17830087136237885;0,2637746506643341;physical,source,target,transfer;physical:2025-08-10 [10:15,11:00,16:30,16:45,17:30]
1.4.1.1.2;over;pos;neg;DA_gt_imb;export;import;export_to_import;over__da_pos__imb_neg__DA_gt_imb__plan_export__real_import;192;46;87;89;70;21;12;93,14975317706477;40,12367844779804;40,10311355236667;8,686256054466721;4,236705122433334;-4,852117843312299;-6,611027978290122;1,7589101349778224;-3,0210069879230854;4,779917122900917;-2,315001327922691;-3,0027970453366226;0,6877957174139318;-1,2433397086581073;1,9311354260720437;-1,9537379883329735;-2,723318921576006;0,7695809332430327;-1,1122855765633044;1,88186650980634;-0,29469323818023246;-0,5265755740257413;0,2318823358455088;-0,49460038050661054;0,7264827163521203;-0,28868528887640227;-0,3583364373517516;0,0696511484753493;-0,17078132219506303;0,24043247067041304;physical,source,target,transfer;
1.4.1.1.3;over;pos;neg;DA_gt_imb;export;no_flow;export_to_no_flow;over__da_pos__imb_neg__DA_gt_imb__plan_export__real_no_flow;0;0;0;0;0;0;0;0,0;0,0;0,0;0,0;0,0;0,0;0,0;0,0;0,0;0,0;0,0;0,0;0,0;0,0;0,0;0,0;0,0;0,0;0,0;0,0;0,0;0,0;0,0;0,0;0,0;0,0;0,0;0,0;0,0;0,0;;
1.4.1.2.1;over;pos;neg;DA_gt_imb;import;export;import_to_export;over__da_pos__imb_neg__DA_gt_imb__plan_import__real_export;0;0;0;0;0;0;0;0,0;0,0;0,0;0,0;0,0;0,0;0,0;0,0;0,0;0,0;0,0;0,0;0,0;0,0;0,0;0,0;0,0;0,0;0,0;0,0;0,0;0,0;0,0;0,0;0,0;0,0;0,0;0,0;0,0;0,0;;
1.4.1.2.2;over;pos;neg;DA_gt_imb;import;import;import_to_import;over__da_pos__imb_neg__DA_gt_imb__plan_import__real_import;39;9;20;8;13;9;9;4,572288006087173;0,3083736101505046;0,6402990364300012;1,9318143054833337;1,691801054023334;-0,46976119377030556;-0,5869446113414085;0,11718341757110295;-0,14500637528897156;0,262189792860076;-0,03316184621384575;-0,03958592033501987;0,006424074121174118;-0,02378598692532697;0,030210061046501438;-0,07505823896447465;-0,08219518730651859;0,007136948342043937;-0,033133307441396906;0,04027025578344134;-0,19712611735683847;-0,24798700239489518;0,050860885038056705;-0,05200690894408534;0,10286779398214235;-0,16441499123514666;-0,21717650130497487;0,0527615100698282;-0,03608017197816235;0,0888416820479909;physical,source,target,transfer;source:2025-09-24 [10:45,11:00,15:30,16:00,16:15,16:45]
1.4.1.2.3;over;pos;neg;DA_gt_imb;import;no_flow;import_to_no_flow;over__da_pos__imb_neg__DA_gt_imb__plan_import__real_no_flow;0;0;0;0;0;0;0;0,0;0,0;0,0;0,0;0,0;0,0;0,0;0,0;0,0;0,0;0,0;0,0;0,0;0,0;0,0;0,0;0,0;0,0;0,0;0,0;0,0;0,0;0,0;0,0;0,0;0,0;0,0;0,0;0,0;0,0;;
1.4.1.3.1;over;pos;neg;DA_gt_imb;no_flow;export;no_flow_to_export;over__da_pos__imb_neg__DA_gt_imb__plan_no_flow__real_export;0;0;0;0;0;0;0;0,0;0,0;0,0;0,0;0,0;0,0;0,0;0,0;0,0;0,0;0,0;0,0;0,0;0,0;0,0;0,0;0,0;0,0;0,0;0,0;0,0;0,0;0,0;0,0;0,0;0,0;0,0;0,0;0,0;0,0;;
1.4.1.3.2;over;pos;neg;DA_gt_imb;no_flow;import;no_flow_to_import;over__da_pos__imb_neg__DA_gt_imb__plan_no_flow__real_import;539;55;167;121;109;156;153;118,52645927364945;28,552372603823446;30,962338479505995;31,159414656916674;27,852333533403336;-13,161655141988444;-15,215241576912511;2,053586434924068;-4,048059141633638;6,101645576557727;-3,0918287120270436;-3,6652680711528105;0,5734393591257669;-0,7255346690574971;1,2989740281832696;-3,487903249952596;-3,9746353906141803;0,4867321406615846;-1,016356402471966;1,5030885431335552;-3,443911227911953;-3,999934059508387;0,5560228315964343;-1,2048136558691727;1,760836487465613;-3,1380119520968517;-3,575404055637134;0,437392103540282;-1,1013544142350016;1,5387465177752895;physical,source,target,transfer;physical:2025-08-10 [18:00,18:15]
1.4.1.3.3;over;pos;neg;DA_gt_imb;no_flow;no_flow;no_flow_to_no_flow;over__da_pos__imb_neg__DA_gt_imb__plan_no_flow__real_no_flow;0;0;0;0;0;0;0;0,0;0,0;0,0;0,0;0,0;0,0;0,0;0,0;0,0;0,0;0,0;0,0;0,0;0,0;0,0;0,0;0,0;0,0;0,0;0,0;0,0;0,0;0,0;0,0;0,0;0,0;0,0;0,0;0,0;0,0;;
1.4.2.1.1;over;pos;neg;DA_lt_imb;export;export;export_to_export;over__da_pos__imb_neg__DA_lt_imb__plan_export__real_export;0;0;0;0;0;0;0;0,0;0,0;0,0;0,0;0,0;0,0;0,0;0,0;0,0;0,0;0,0;0,0;0,0;0,0;0,0;0,0;0,0;0,0;0,0;0,0;0,0;0,0;0,0;0,0;0,0;0,0;0,0;0,0;0,0;0,0;;
1.4.2.1.2;over;pos;neg;DA_lt_imb;export;import;export_to_import;over__da_pos__imb_neg__DA_lt_imb__plan_export__real_import;0;0;0;0;0;0;0;0,0;0,0;0,0;0,0;0,0;0,0;0,0;0,0;0,0;0,0;0,0;0,0;0,0;0,0;0,0;0,0;0,0;0,0;0,0;0,0;0,0;0,0;0,0;0,0;0,0;0,0;0,0;0,0;0,0;0,0;;
1.4.2.1.3;over;pos;neg;DA_lt_imb;export;no_flow;export_to_no_flow;over__da_pos__imb_neg__DA_lt_imb__plan_export__real_no_flow;0;0;0;0;0;0;0;0,0;0,0;0,0;0,0;0,0;0,0;0,0;0,0;0,0;0,0;0,0;0,0;0,0;0,0;0,0;0,0;0,0;0,0;0,0;0,0;0,0;0,0;0,0;0,0;0,0;0,0;0,0;0,0;0,0;0,0;;
1.4.2.2.1;over;pos;neg;DA_lt_imb;import;export;import_to_export;over__da_pos__imb_neg__DA_lt_imb__plan_import__real_export;0;0;0;0;0;0;0;0,0;0,0;0,0;0,0;0,0;0,0;0,0;0,0;0,0;0,0;0,0;0,0;0,0;0,0;0,0;0,0;0,0;0,0;0,0;0,0;0,0;0,0;0,0;0,0;0,0;0,0;0,0;0,0;0,0;0,0;;
1.4.2.2.2;over;pos;neg;DA_lt_imb;import;import;import_to_import;over__da_pos__imb_neg__DA_lt_imb__plan_import__real_import;0;0;0;0;0;0;0;0,0;0,0;0,0;0,0;0,0;0,0;0,0;0,0;0,0;0,0;0,0;0,0;0,0;0,0;0,0;0,0;0,0;0,0;0,0;0,0;0,0;0,0;0,0;0,0;0,0;0,0;0,0;0,0;0,0;0,0;;
1.4.2.2.3;over;pos;neg;DA_lt_imb;import;no_flow;import_to_no_flow;over__da_pos__imb_neg__DA_lt_imb__plan_import__real_no_flow;0;0;0;0;0;0;0;0,0;0,0;0,0;0,0;0,0;0,0;0,0;0,0;0,0;0,0;0,0;0,0;0,0;0,0;0,0;0,0;0,0;0,0;0,0;0,0;0,0;0,0;0,0;0,0;0,0;0,0;0,0;0,0;0,0;0,0;;
1.4.2.3.1;over;pos;neg;DA_lt_imb;no_flow;export;no_flow_to_export;over__da_pos__imb_neg__DA_lt_imb__plan_no_flow__real_export;0;0;0;0;0;0;0;0,0;0,0;0,0;0,0;0,0;0,0;0,0;0,0;0,0;0,0;0,0;0,0;0,0;0,0;0,0;0,0;0,0;0,0;0,0;0,0;0,0;0,0;0,0;0,0;0,0;0,0;0,0;0,0;0,0;0,0;;
1.4.2.3.2;over;pos;neg;DA_lt_imb;no_flow;import;no_flow_to_import;over__da_pos__imb_neg__DA_lt_imb__plan_no_flow__real_import;0;0;0;0;0;0;0;0,0;0,0;0,0;0,0;0,0;0,0;0,0;0,0;0,0;0,0;0,0;0,0;0,0;0,0;0,0;0,0;0,0;0,0;0,0;0,0;0,0;0,0;0,0;0,0;0,0;0,0;0,0;0,0;0,0;0,0;;
1.4.2.3.3;over;pos;neg;DA_lt_imb;no_flow;no_flow;no_flow_to_no_flow;over__da_pos__imb_neg__DA_lt_imb__plan_no_flow__real_no_flow;0;0;0;0;0;0;0;0,0;0,0;0,0;0,0;0,0;0,0;0,0;0,0;0,0;0,0;0,0;0,0;0,0;0,0;0,0;0,0;0,0;0,0;0,0;0,0;0,0;0,0;0,0;0,0;0,0;0,0;0,0;0,0;0,0;0,0;;
1.2.1.1.1;over;pos;pos;DA_gt_imb;export;export;export_to_export;over__da_pos__imb_pos__DA_gt_imb__plan_export__real_export;2000;86;318;592;393;525;490;404,2683324660168;138,39966755965818;108,31209171744607;83,88579609182638;73,67077709708617;-25,211696228049195;0,0;-25,211696228049195;-41,402510963743566;16,190814735694275;-8,289839601532952;0,0;-8,289839601532952;-13,210352511375069;4,9205129098420874;-5,545552716610338;0,0;-5,545552716610338;-9,156898033448435;3,611345316838078;-6,134160183344406;0,0;-6,134160183344406;-10,163591029369694;4,029430846025263;-5,2421437265614985;0,0;-5,2421437265614985;-8,87166938955037;3,629525662988847;physical,source,target,transfer;physical:2025-08-10 [10:00,18:30]|target:2025-07-21 [08:30,12:00,13:15,14:15,14:30,15:30,19:15]
1.2.1.1.2;over;pos;pos;DA_gt_imb;export;import;export_to_import;over__da_pos__imb_pos__DA_gt_imb__plan_export__real_import;670;84;238;183;119;172;196;177,47695477288082;66,81461527825101;35,46659548411667;37,27360911935982;37,922134891153334;-21,612307407580282;-11,611951364697319;-10,000356042882963;-16,461592350959123;6,461236308076128;-8,18569705259964;-4,972844764701772;-3,2128522878978676;-5,257430398624493;2,044578110726616;-3,945939823781503;-2,166283619597674;-1,779656204183829;-2,8854710769994405;1,1058148728156054;-4,61160426738162;-2,1498243828946415;-2,461779884486978;-4,176713762940513;1,714933878453528;-4,86906626381752;-2,3229985975032315;-2,5460676663142885;-4,1419771123946765;1,5959094460803782;physical,source,target,transfer;target:2025-07-21 [06:15,06:30,07:00,07:45,08:15,14:45,19:30]
1.2.1.1.3;over;pos;pos;DA_gt_imb;export;no_flow;export_to_no_flow;over__da_pos__imb_pos__DA_gt_imb__plan_export__real_no_flow;3;1;3;0;1;1;1;3,0955063113000003;0,0;1,3389771420000003;0,7757056935000001;0,9808234758;-0,1671573408101999;0,0;-0,1671573408101999;-0,273302252224677;0,10614491141447702;0,0;0,0;0,0;0,0;0,0;-0,072304765668;0,0;-0,072304765668;-0,11821829186718003;0,045913526199180016;-0,041888107449;0,0;-0,041888107449;-0,068487055679115;0,026598948230115008;-0,0529644676931999;0,0;-0,0529644676931999;-0,08659690467838199;0,033632436985182;source,target,transfer;target:2025-07-21 [15:15]
1.2.1.2.1;over;pos;pos;DA_gt_imb;import;export;import_to_export;over__da_pos__imb_pos__DA_gt_imb__plan_import__real_export;0;0;0;0;0;0;0;0,0;0,0;0,0;0,0;0,0;0,0;0,0;0,0;0,0;0,0;0,0;0,0;0,0;0,0;0,0;0,0;0,0;0,0;0,0;0,0;0,0;0,0;0,0;0,0;0,0;0,0;0,0;0,0;0,0;0,0;;
1.2.1.2.2;over;pos;pos;DA_gt_imb;import;import;import_to_import;over__da_pos__imb_pos__DA_gt_imb__plan_import__real_import;86;29;57;27;26;9;24;6,151407351593057;1,399646240837721;1,940066658138001;0,6454618550433342;2,166232597574;-1,1572080272677918;-0,7896561617239968;-0,367551865543795;-0,607496270655681;0,23994440511188173;-0,24840153596847434;-0,17967258793633695;-0,06872894803213737;-0,12094293565583993;0,052213987623701406;-0,353133493650134;-0,24904635690517413;-0,10408713674495991;-0,17530496046216773;0,0712178237172065;-0,1264112166830454;-0,08285793833191248;-0,0435532783511329;-0,08523354245966278;0,04168026410852933;-0,42926178096613804;-0,27807927855057324;-0,1511825024155648;-0,22601483207801054;0,07483232966244449;physical,source,target,transfer;source:2025-09-24 [15:00]
1.2.1.2.3;over;pos;pos;DA_gt_imb;import;no_flow;import_to_no_flow;over__da_pos__imb_pos__DA_gt_imb__plan_import__real_no_flow;0;0;0;0;0;0;0;0,0;0,0;0,0;0,0;0,0;0,0;0,0;0,0;0,0;0,0;0,0;0,0;0,0;0,0;0,0;0,0;0,0;0,0;0,0;0,0;0,0;0,0;0,0;0,0;0,0;0,0;0,0;0,0;0,0;0,0;;
1.2.1.3.1;over;pos;pos;DA_gt_imb;no_flow;export;no_flow_to_export;over__da_pos__imb_pos__DA_gt_imb__plan_no_flow__real_export;0;0;0;0;0;0;0;0,0;0,0;0,0;0,0;0,0;0,0;0,0;0,0;0,0;0,0;0,0;0,0;0,0;0,0;0,0;0,0;0,0;0,0;0,0;0,0;0,0;0,0;0,0;0,0;0,0;0,0;0,0;0,0;0,0;0,0;;
1.2.1.3.2;over;pos;pos;DA_gt_imb;no_flow;import;no_flow_to_import;over__da_pos__imb_pos__DA_gt_imb__plan_no_flow__real_import;1755;89;313;399;393;488;475;254,1082640466783;51,49056390716953;50,91105033293355;82,15473496803747;69,55191483853775;-44,98923148001062;-32,6198778560664;-12,369353623944226;-21,05420052463706;8,684846900692754;-9,14056752806164;-6,609843688885234;-2,530723839176406;-4,101672883680081;1,5709490445036554;-8,796083447182761;-6,535451531380862;-2,2606319158018993;-4,0962994174108145;1,835667501608897;-14,652389822460174;-10,54620332798201;-4,106186494478164;-6,905122941337974;2,7989364468597873;-12,40019068230605;-8,928379307818293;-3,4718113744877566;-5,951105282208191;2,479293907720414;physical,source,target,transfer;source:2025-09-24 [07:15,07:30,07:45,08:00,08:15,08:30,15:45,19:00]|target:2025-07-21 [13:30,13:45,15:00,19:00]|transfer:2025-09-14 [07:00,07:15,08:15,16:45,17:00,17:15]
1.2.1.3.3;over;pos;pos;DA_gt_imb;no_flow;no_flow;no_flow_to_no_flow;over__da_pos__imb_pos__DA_gt_imb__plan_no_flow__real_no_flow;0;0;0;0;0;0;0;0,0;0,0;0,0;0,0;0,0;0,0;0,0;0,0;0,0;0,0;0,0;0,0;0,0;0,0;0,0;0,0;0,0;0,0;0,0;0,0;0,0;0,0;0,0;0,0;0,0;0,0;0,0;0,0;0,0;0,0;;
1.2.2.1.1;over;pos;pos;DA_lt_imb;export;export;export_to_export;over__da_pos__imb_pos__DA_lt_imb__plan_export__real_export;1958;86;292;643;440;455;420;462,3955276679473;162,97239362985312;165,4339014668529;69,41479504223462;64,57443752900666;-58,9793360688235;0,0;-58,9793360688235;-32,991425138478625;-25,98791093034497;-20,04602294831231;0,0;-20,04602294831231;-11,442267888331422;-8,603755059980918;-19,392257565004964;0,0;-19,392257565004964;-9,438160585992376;-9,954096979012611;-10,101204572092247;0,0;-10,101204572092247;-6,422783710256638;-3,6784208618356313;-9,439850983413981;0,0;-9,439850983413981;-5,688212953898193;-3,751638029515809;physical,source,target,transfer;physical:2025-08-10 [07:00,07:15,07:30,08:15,08:30,09:00,09:15,17:45]|target:2025-07-21 [08:45,09:00,09:15,10:00,10:15,10:30,11:00,11:15,12:15,13:00,14:00]|transfer:2025-09-14 [09:00,17:30,17:45,18:45]
1.2.2.1.2;over;pos;pos;DA_lt_imb;export;import;export_to_import;over__da_pos__imb_pos__DA_lt_imb__plan_export__real_import;805;85;245;273;167;213;152;278,3530339396181;107,82908930274859;76,28640890753334;56,673396644906205;37,56413908443;-51,92690768031901;-18,278099425770087;-33,64880825454892;-17,437935221522352;-16,210873033026605;-19,434804667322826;-7,925090935037071;-11,509713732285755;-5,897780323036718;-5,611933409249049;-12,84882916505544;-4,4156855774302475;-8,433143587625192;-3,8708727112593015;-4,562270876365898;-11,854539749859313;-3,7168244984611594;-8,137715251398154;-4,618598740312475;-3,5191165110856875;-7,788734098081431;-2,220498414841611;-5,56823568323982;-3,050683446913856;-2,5175522363259706;physical,source,target,transfer;physical:2025-08-10 [06:45,07:45]|target:2025-07-21 [06:45,07:15,07:30,08:00,09:30,10:45,11:30,11:45,12:30,20:15]|transfer:2025-09-14 [18:30]
1.2.2.1.3;over;pos;pos;DA_lt_imb;export;no_flow;export_to_no_flow;over__da_pos__imb_pos__DA_lt_imb__plan_export__real_no_flow;0;0;0;0;0;0;0;0,0;0,0;0,0;0,0;0,0;0,0;0,0;0,0;0,0;0,0;0,0;0,0;0,0;0,0;0,0;0,0;0,0;0,0;0,0;0,0;0,0;0,0;0,0;0,0;0,0;0,0;0,0;0,0;0,0;0,0;;
1.2.2.2.1;over;pos;pos;DA_lt_imb;import;export;import_to_export;over__da_pos__imb_pos__DA_lt_imb__plan_import__real_export;0;0;0;0;0;0;0;0,0;0,0;0,0;0,0;0,0;0,0;0,0;0,0;0,0;0,0;0,0;0,0;0,0;0,0;0,0;0,0;0,0;0,0;0,0;0,0;0,0;0,0;0,0;0,0;0,0;0,0;0,0;0,0;0,0;0,0;;
1.2.2.2.2;over;pos;pos;DA_lt_imb;import;import;import_to_import;over__da_pos__imb_pos__DA_lt_imb__plan_import__real_import;220;36;86;61;67;19;73;16,80463152293285;4,318753051034507;3,6444543474993405;2,5217585208979996;6,319665603501005;-4,213655829610698;-2,1572105485988806;-2,0564452810118166;-1,1505352406621838;-0,905910040349643;-1,1512915325938267;-0,5543983291612972;-0,5968932034325295;-0,32567196082001176;-0,27122124261252073;-0,8200095536951684;-0,46783860458848736;-0,352170949106681;-0,20639364595013338;-0,1457773031565505;-0,674796544751879;-0,3237181413276753;-0,3510784034242037;-0,18375040285236122;-0,1673280005718436;-1,5675581985698235;-0,811255473521421;-0,7563027250484023;-0,43471923103967736;-0,3215834940087281;physical,source,target,transfer;source:2025-09-24 [08:45,09:15,09:30,09:45,10:00,10:15,10:30,12:00,12:15,12:30,12:45,13:00,13:45,14:00,14:15,14:30,14:45,17:00,17:15,17:30,18:00,18:15,18:30]|target:2025-07-21 [05:45]|transfer:2025-09-14 [14:45]
1.2.2.2.3;over;pos;pos;DA_lt_imb;import;no_flow;import_to_no_flow;over__da_pos__imb_pos__DA_lt_imb__plan_import__real_no_flow;0;0;0;0;0;0;0;0,0;0,0;0,0;0,0;0,0;0,0;0,0;0,0;0,0;0,0;0,0;0,0;0,0;0,0;0,0;0,0;0,0;0,0;0,0;0,0;0,0;0,0;0,0;0,0;0,0;0,0;0,0;0,0;0,0;0,0;;
1.2.2.3.1;over;pos;pos;DA_lt_imb;no_flow;export;no_flow_to_export;over__da_pos__imb_pos__DA_lt_imb__plan_no_flow__real_export;0;0;0;0;0;0;0;0,0;0,0;0,0;0,0;0,0;0,0;0,0;0,0;0,0;0,0;0,0;0,0;0,0;0,0;0,0;0,0;0,0;0,0;0,0;0,0;0,0;0,0;0,0;0,0;0,0;0,0;0,0;0,0;0,0;0,0;;
1.2.2.3.2;over;pos;pos;DA_lt_imb;no_flow;import;no_flow_to_import;over__da_pos__imb_pos__DA_lt_imb__plan_no_flow__real_import;2061;87;327;473;385;638;565;406,82802886451344;95,20706257507928;67,38187042013716;147,05751846785157;97,18157740144541;-102,2436007409587;-52,224514065619395;-50,019086675339295;-26,7424691663124;-23,276617509026995;-22,931716145800483;-12,221730622762905;-10,709985523037576;-5,6424444225140515;-5,067541100523547;-17,64703535404325;-8,649810705837607;-8,997224648205645;-4,649261973498541;-4,347962674707122;-37,03583514992902;-18,87777364599536;-18,158061503933656;-9,658484109746118;-8,499577394187567;-24,62901409118594;-12,475199091023523;-12,153815000162417;-6,792278660553688;-5,361536339608756;physical,source,target,transfer;physical:2025-08-10 [06:15,06:30,08:00]|source:2025-09-24 [09:00,13:15,13:30,17:45]|target:2025-07-21 [06:00,09:45,12:45,20:30,20:45]|transfer:2025-09-14 [07:30,07:45,08:00,08:30,09:15,09:30,09:45,10:00,10:15,10:30,10:45,11:00,11:15,12:00,15:45,18:15,19:00,19:15]
1.2.2.3.3;over;pos;pos;DA_lt_imb;no_flow;no_flow;no_flow_to_no_flow;over__da_pos__imb_pos__DA_lt_imb__plan_no_flow__real_no_flow;0;0;0;0;0;0;0;0,0;0,0;0,0;0,0;0,0;0,0;0,0;0,0;0,0;0,0;0,0;0,0;0,0;0,0;0,0;0,0;0,0;0,0;0,0;0,0;0,0;0,0;0,0;0,0;0,0;0,0;0,0;0,0;0,0;0,0;;
2.1.1.1.1;under;neg;neg;DA_gt_imb;export;export;export_to_export;under__da_neg__imb_neg__DA_gt_imb__plan_export__real_export;2;2;2;1;0;1;0;0,3336008625274026;0,2074057028607358;0,0;0,12619515966666678;0,0;-0,010585943650072;0,0;-0,010585943650072;-0,0001209960028393169;-0,01046494764723277;-0,0065249834119987;0,0;-0,0065249834119987;-7,051793897265018e-05;-0,006454465473026099;0,0;0,0;0,0;0,0;0,0;-0,0040609602380733;0,0;-0,0040609602380733;-5,0478063866666716e-05;-0,00401048217420667;0,0;0,0;0,0;0,0;0,0;physical,target;
2.1.1.1.2;under;neg;neg;DA_gt_imb;export;import;export_to_import;under__da_neg__imb_neg__DA_gt_imb__plan_export__real_import;0;0;0;0;0;0;0;0,0;0,0;0,0;0,0;0,0;0,0;0,0;0,0;0,0;0,0;0,0;0,0;0,0;0,0;0,0;0,0;0,0;0,0;0,0;0,0;0,0;0,0;0,0;0,0;0,0;0,0;0,0;0,0;0,0;0,0;;
2.1.1.1.3;under;neg;neg;DA_gt_imb;export;no_flow;export_to_no_flow;under__da_neg__imb_neg__DA_gt_imb__plan_export__real_no_flow;0;0;0;0;0;0;0;0,0;0,0;0,0;0,0;0,0;0,0;0,0;0,0;0,0;0,0;0,0;0,0;0,0;0,0;0,0;0,0;0,0;0,0;0,0;0,0;0,0;0,0;0,0;0,0;0,0;0,0;0,0;0,0;0,0;0,0;;
2.1.1.2.1;under;neg;neg;DA_gt_imb;import;export;import_to_export;under__da_neg__imb_neg__DA_gt_imb__plan_import__real_export;24;11;14;1;12;2;9;10,607825748597183;0,31035063467384955;6,30105470159;0,8885039315000001;3,1079164808333335;0,2047084684257812;0,5855543557424052;-0,380845887316624;-0,1015692982011795;-0,2792765891154455;0,013467402661867387;0,015832274498082086;-0,0023648718362147;-3,1035063467384956e-05;-0,0023338367727473485;0,06594116587983098;0,35367023638891865;-0,2877290705090877;-0,07221043895615879;-0,21551863155292947;0,05114548358104146;0,06043550675915506;-0,0092900231781136;-0,003092386137296666;-0,0061976370408170015;0,07415441630304138;0,1556163380962494;-0,081461921793208;-0,026235438044256668;-0,05522648374895168;physical,source,target,transfer;
2.1.1.2.2;under;neg;neg;DA_gt_imb;import;import;import_to_import;under__da_neg__imb_neg__DA_gt_imb__plan_import__real_import;18;6;13;1;7;3;7;4,76338718344829;0,10651917972162506;2,5554765130799995;0,22436169329999972;1,8770297973466663;0,039255761592785196;0,6114760127392576;-0,5722202511464723;-0,04144832901550205;-0,5307719221309714;0,01169900150882611;0,01367386710086501;-0,0019748655920389;-0,0005325958986081253;-0,0014422696934308032;0,009415926175610916;0,32804651998407974;-0,3186305938084688;-0,021519406584541597;-0,2971111872239275;0,024701210032578375;0,02880131056892107;-0,0041001005363427;-0,0018705196622523317;-0,002229580874090663;-0,006560376124230214;0,2409543150853917;-0,2475146912096219;-0,017525806870099997;-0,22998888433952233;physical,source,target,transfer;transfer:2025-09-14 [12:45]
2.1.1.2.3;under;neg;neg;DA_gt_imb;import;no_flow;import_to_no_flow;under__da_neg__imb_neg__DA_gt_imb__plan_import__real_no_flow;0;0;0;0;0;0;0;0,0;0,0;0,0;0,0;0,0;0,0;0,0;0,0;0,0;0,0;0,0;0,0;0,0;0,0;0,0;0,0;0,0;0,0;0,0;0,0;0,0;0,0;0,0;0,0;0,0;0,0;0,0;0,0;0,0;0,0;;
2.1.1.3.1;under;neg;neg;DA_gt_imb;no_flow;export;no_flow_to_export;under__da_neg__imb_neg__DA_gt_imb__plan_no_flow__real_export;350;34;105;31;73;123;123;79,00981014957327;7,746193530107394;16,087428369033333;25,526241039716666;29,649947210715876;-3,1054183977696868;0,0;-3,1054183977696868;-0,9747810510996844;-2,1306373466700195;-0,2657067235024124;0,0;-0,2657067235024124;-0,05985949237863465;-0,20584723112377923;-0,6035979269900121;0,0;-0,6035979269900121;-0,1892127603431397;-0,414385166646876;-0,9453025548554274;0,0;-0,9453025548554274;-0,31316822380624104;-0,6321343310491921;-1,2908111924218346;0,0;-1,2908111924218346;-0,41254057457166904;-0,8782706178501719;physical,source,target,transfer;transfer:2025-09-14 [14:00,15:00]
2.1.1.3.2;under;neg;neg;DA_gt_imb;no_flow;import;no_flow_to_import;under__da_neg__imb_neg__DA_gt_imb__plan_no_flow__real_import;0;0;0;0;0;0;0;0,0;0,0;0,0;0,0;0,0;0,0;0,0;0,0;0,0;0,0;0,0;0,0;0,0;0,0;0,0;0,0;0,0;0,0;0,0;0,0;0,0;0,0;0,0;0,0;0,0;0,0;0,0;0,0;0,0;0,0;;
2.1.1.3.3;under;neg;neg;DA_gt_imb;no_flow;no_flow;no_flow_to_no_flow;under__da_neg__imb_neg__DA_gt_imb__plan_no_flow__real_no_flow;0;0;0;0;0;0;0;0,0;0,0;0,0;0,0;0,0;0,0;0,0;0,0;0,0;0,0;0,0;0,0;0,0;0,0;0,0;0,0;0,0;0,0;0,0;0,0;0,0;0,0;0,0;0,0;0,0;0,0;0,0;0,0;0,0;0,0;;
2.1.2.1.1;under;neg;neg;DA_lt_imb;export;export;export_to_export;under__da_neg__imb_neg__DA_lt_imb__plan_export__real_export;0;0;0;0;0;0;0;0,0;0,0;0,0;0,0;0,0;0,0;0,0;0,0;0,0;0,0;0,0;0,0;0,0;0,0;0,0;0,0;0,0;0,0;0,0;0,0;0,0;0,0;0,0;0,0;0,0;0,0;0,0;0,0;0,0;0,0;;
2.1.2.1.2;under;neg;neg;DA_lt_imb;export;import;export_to_import;under__da_neg__imb_neg__DA_lt_imb__plan_export__real_import;0;0;0;0;0;0;0;0,0;0,0;0,0;0,0;0,0;0,0;0,0;0,0;0,0;0,0;0,0;0,0;0,0;0,0;0,0;0,0;0,0;0,0;0,0;0,0;0,0;0,0;0,0;0,0;0,0;0,0;0,0;0,0;0,0;0,0;;
2.1.2.1.3;under;neg;neg;DA_lt_imb;export;no_flow;export_to_no_flow;under__da_neg__imb_neg__DA_lt_imb__plan_export__real_no_flow;0;0;0;0;0;0;0;0,0;0,0;0,0;0,0;0,0;0,0;0,0;0,0;0,0;0,0;0,0;0,0;0,0;0,0;0,0;0,0;0,0;0,0;0,0;0,0;0,0;0,0;0,0;0,0;0,0;0,0;0,0;0,0;0,0;0,0;;
2.1.2.2.1;under;neg;neg;DA_lt_imb;import;export;import_to_export;under__da_neg__imb_neg__DA_lt_imb__plan_import__real_export;9;7;8;1;3;3;2;4,539596607014836;0,6821976744815028;2,227419696066667;0,8865757515999997;0,7434034848666665;0,12580249186749415;0,16348765908029117;-0,037685167212797;-0,07354428407742429;0,035859116864626964;0,006559482487631635;0,010100088418190534;-0,0035406059305589;-0,0070948558146076285;0,0035542498840486292;0,027848631123952063;0,048440750496645965;-0,0205921193726939;-0,033262737651752326;0,012670618279058328;0,07891581876679368;0,08834148866562058;-0,0094256698988269;-0,025712480071779675;0,016286810172952672;0,012478559489116779;0,016605331499834078;-0,004126772010717299;-0,007474210539284666;0,003347438528567333;physical,source,target,transfer;
2.1.2.2.2;under;neg;neg;DA_lt_imb;import;import;import_to_import;under__da_neg__imb_neg__DA_lt_imb__plan_import__real_import;17;7;11;2;6;1;8;4,694836896684599;0,2835635700746001;2,2168972517433323;0,21312680346666696;1,9812492713999992;0,5859758296619679;0,6026762124274028;-0,0167003827654348;-0,07312627483671327;0,05642589207127769;0,0355490172755864;0,0364010554904765;-0,0008520382148901;-0,001613867013981959;0,0007618287990918027;0,2764243580643015;0,2845831002062919;-0,008158742141990399;-0,03595867474082333;0,02779993259883256;0,026687738330096113;0,027359087761016112;-0,00067134943092;-0,0010464526050213347;0,0003751031741013339;0,24731471599198396;0,2543329689696182;-0,007018252977634299;-0,034507280476886656;0,027489027499251993;physical,source,target,transfer;transfer:2025-09-14 [15:15]
2.1.2.2.3;under;neg;neg;DA_lt_imb;import;no_flow;import_to_no_flow;under__da_neg__imb_neg__DA_lt_imb__plan_import__real_no_flow;0;0;0;0;0;0;0;0,0;0,0;0,0;0,0;0,0;0,0;0,0;0,0;0,0;0,0;0,0;0,0;0,0;0,0;0,0;0,0;0,0;0,0;0,0;0,0;0,0;0,0;0,0;0,0;0,0;0,0;0,0;0,0;0,0;0,0;;
2.1.2.3.1;under;neg;neg;DA_lt_imb;no_flow;export;no_flow_to_export;under__da_neg__imb_neg__DA_lt_imb__plan_no_flow__real_export;201;30;85;19;34;60;88;39,70840522785094;2,9197263453926827;8,988649896341581;11,960864981866669;15,83916400425001;-0,36036478752244067;0,0;-0,36036478752244067;-0,7922572044799301;0,4318924169574806;-0,021901928732465003;0,0;-0,021901928732465003;-0,05417163892180085;0,03226971018933508;-0,0673154042152021;0,0;-0,0673154042152021;-0,15326890637270804;0,08595350215750422;-0,1082272545321226;0,0;-0,1082272545321226;-0,2098065450451184;0,10157929051299304;-0,16292020004265095;0,0;-0,16292020004265095;-0,3750101141403028;0,2120899140976483;physical,source,target,transfer;transfer:2025-09-14 [16:00]
2.1.2.3.2;under;neg;neg;DA_lt_imb;no_flow;import;no_flow_to_import;under__da_neg__imb_neg__DA_lt_imb__plan_no_flow__real_import;0;0;0;0;0;0;0;0,0;0,0;0,0;0,0;0,0;0,0;0,0;0,0;0,0;0,0;0,0;0,0;0,0;0,0;0,0;0,0;0,0;0,0;0,0;0,0;0,0;0,0;0,0;0,0;0,0;0,0;0,0;0,0;0,0;0,0;;
2.1.2.3.3;under;neg;neg;DA_lt_imb;no_flow;no_flow;no_flow_to_no_flow;under__da_neg__imb_neg__DA_lt_imb__plan_no_flow__real_no_flow;0;0;0;0;0;0;0;0,0;0,0;0,0;0,0;0,0;0,0;0,0;0,0;0,0;0,0;0,0;0,0;0,0;0,0;0,0;0,0;0,0;0,0;0,0;0,0;0,0;0,0;0,0;0,0;0,0;0,0;0,0;0,0;0,0;0,0;;
2.3.1.1.1;under;neg;pos;DA_gt_imb;export;export;export_to_export;under__da_neg__imb_pos__DA_gt_imb__plan_export__real_export;0;0;0;0;0;0;0;0,0;0,0;0,0;0,0;0,0;0,0;0,0;0,0;0,0;0,0;0,0;0,0;0,0;0,0;0,0;0,0;0,0;0,0;0,0;0,0;0,0;0,0;0,0;0,0;0,0;0,0;0,0;0,0;0,0;0,0;;
2.3.1.1.2;under;neg;pos;DA_gt_imb;export;import;export_to_import;under__da_neg__imb_pos__DA_gt_imb__plan_export__real_import;0;0;0;0;0;0;0;0,0;0,0;0,0;0,0;0,0;0,0;0,0;0,0;0,0;0,0;0,0;0,0;0,0;0,0;0,0;0,0;0,0;0,0;0,0;0,0;0,0;0,0;0,0;0,0;0,0;0,0;0,0;0,0;0,0;0,0;;
2.3.1.1.3;under;neg;pos;DA_gt_imb;export;no_flow;export_to_no_flow;under__da_neg__imb_pos__DA_gt_imb__plan_export__real_no_flow;0;0;0;0;0;0;0;0,0;0,0;0,0;0,0;0,0;0,0;0,0;0,0;0,0;0,0;0,0;0,0;0,0;0,0;0,0;0,0;0,0;0,0;0,0;0,0;0,0;0,0;0,0;0,0;0,0;0,0;0,0;0,0;0,0;0,0;;
2.3.1.2.1;under;neg;pos;DA_gt_imb;import;export;import_to_export;under__da_neg__imb_pos__DA_gt_imb__plan_import__real_export;0;0;0;0;0;0;0;0,0;0,0;0,0;0,0;0,0;0,0;0,0;0,0;0,0;0,0;0,0;0,0;0,0;0,0;0,0;0,0;0,0;0,0;0,0;0,0;0,0;0,0;0,0;0,0;0,0;0,0;0,0;0,0;0,0;0,0;;
2.3.1.2.2;under;neg;pos;DA_gt_imb;import;import;import_to_import;under__da_neg__imb_pos__DA_gt_imb__plan_import__real_import;0;0;0;0;0;0;0;0,0;0,0;0,0;0,0;0,0;0,0;0,0;0,0;0,0;0,0;0,0;0,0;0,0;0,0;0,0;0,0;0,0;0,0;0,0;0,0;0,0;0,0;0,0;0,0;0,0;0,0;0,0;0,0;0,0;0,0;;
2.3.1.2.3;under;neg;pos;DA_gt_imb;import;no_flow;import_to_no_flow;under__da_neg__imb_pos__DA_gt_imb__plan_import__real_no_flow;0;0;0;0;0;0;0;0,0;0,0;0,0;0,0;0,0;0,0;0,0;0,0;0,0;0,0;0,0;0,0;0,0;0,0;0,0;0,0;0,0;0,0;0,0;0,0;0,0;0,0;0,0;0,0;0,0;0,0;0,0;0,0;0,0;0,0;;
2.3.1.3.1;under;neg;pos;DA_gt_imb;no_flow;export;no_flow_to_export;under__da_neg__imb_pos__DA_gt_imb__plan_no_flow__real_export;0;0;0;0;0;0;0;0,0;0,0;0,0;0,0;0,0;0,0;0,0;0,0;0,0;0,0;0,0;0,0;0,0;0,0;0,0;0,0;0,0;0,0;0,0;0,0;0,0;0,0;0,0;0,0;0,0;0,0;0,0;0,0;0,0;0,0;;
2.3.1.3.2;under;neg;pos;DA_gt_imb;no_flow;import;no_flow_to_import;under__da_neg__imb_pos__DA_gt_imb__plan_no_flow__real_import;0;0;0;0;0;0;0;0,0;0,0;0,0;0,0;0,0;0,0;0,0;0,0;0,0;0,0;0,0;0,0;0,0;0,0;0,0;0,0;0,0;0,0;0,0;0,0;0,0;0,0;0,0;0,0;0,0;0,0;0,0;0,0;0,0;0,0;;
2.3.1.3.3;under;neg;pos;DA_gt_imb;no_flow;no_flow;no_flow_to_no_flow;under__da_neg__imb_pos__DA_gt_imb__plan_no_flow__real_no_flow;0;0;0;0;0;0;0;0,0;0,0;0,0;0,0;0,0;0,0;0,0;0,0;0,0;0,0;0,0;0,0;0,0;0,0;0,0;0,0;0,0;0,0;0,0;0,0;0,0;0,0;0,0;0,0;0,0;0,0;0,0;0,0;0,0;0,0;;
2.3.2.1.1;under;neg;pos;DA_lt_imb;export;export;export_to_export;under__da_neg__imb_pos__DA_lt_imb__plan_export__real_export;0;0;0;0;0;0;0;0,0;0,0;0,0;0,0;0,0;0,0;0,0;0,0;0,0;0,0;0,0;0,0;0,0;0,0;0,0;0,0;0,0;0,0;0,0;0,0;0,0;0,0;0,0;0,0;0,0;0,0;0,0;0,0;0,0;0,0;;
2.3.2.1.2;under;neg;pos;DA_lt_imb;export;import;export_to_import;under__da_neg__imb_pos__DA_lt_imb__plan_export__real_import;0;0;0;0;0;0;0;0,0;0,0;0,0;0,0;0,0;0,0;0,0;0,0;0,0;0,0;0,0;0,0;0,0;0,0;0,0;0,0;0,0;0,0;0,0;0,0;0,0;0,0;0,0;0,0;0,0;0,0;0,0;0,0;0,0;0,0;;
2.3.2.1.3;under;neg;pos;DA_lt_imb;export;no_flow;export_to_no_flow;under__da_neg__imb_pos__DA_lt_imb__plan_export__real_no_flow;0;0;0;0;0;0;0;0,0;0,0;0,0;0,0;0,0;0,0;0,0;0,0;0,0;0,0;0,0;0,0;0,0;0,0;0,0;0,0;0,0;0,0;0,0;0,0;0,0;0,0;0,0;0,0;0,0;0,0;0,0;0,0;0,0;0,0;;
2.3.2.2.1;under;neg;pos;DA_lt_imb;import;export;import_to_export;under__da_neg__imb_pos__DA_lt_imb__plan_import__real_export;35;9;12;5;18;5;7;12,072374967580032;2,1770287680950333;6,679311120238332;1,4348234911666664;1,78121158808;0,8464610097526781;0,2836117980727436;0,5628492116799345;-0,15741328320900488;0,7202624948889413;0,09690958371332084;0,03464267855638384;0,062266905156937;-0,02440520344555786;0,08667210860249511;0,5637257691500263;0,18272872781327004;0,3809970413367562;-0,08353850947153976;0,4645355508082968;0,0989780045746384;0,020144007793760004;0,07883399678087841;-0,027209699433282997;0,10604369621416167;0,08684765231469264;0,04609638390932975;0,040751268405362896;-0,022259870858624263;0,06301113926398771;physical,source,target,transfer;
2.3.2.2.2;under;neg;pos;DA_lt_imb;import;import;import_to_import;under__da_neg__imb_pos__DA_lt_imb__plan_import__real_import;52;14;28;8;22;7;15;8,05858918861305;0,3370581238503819;4,763011915479334;0,7145527521333341;2,24396639715;1,2942996651888472;1,034481094142259;0,2598185710465881;-0,11298643126989974;0,37280500231649033;0,04876195233869971;0,04326815135867375;0,005493800980025967;-0,007062828309906806;0,01255662928993329;0,7811520700979754;0,611427839590083;0,16972423050789245;-0,059122816211354096;0,2288470467192474;0,09807573316288505;0,09172713679135638;0,006348596371528667;-0,010563406115849695;0,016912002487378702;0,366309909589287;0,288057966402146;0,078251943187141;-0,03623738063278914;0,1144893238199309;physical,source,target,transfer;transfer:2025-09-14 [12:15]
2.3.2.2.3;under;neg;pos;DA_lt_imb;import;no_flow;import_to_no_flow;under__da_neg__imb_pos__DA_lt_imb__plan_import__real_no_flow;0;0;0;0;0;0;0;0,0;0,0;0,0;0,0;0,0;0,0;0,0;0,0;0,0;0,0;0,0;0,0;0,0;0,0;0,0;0,0;0,0;0,0;0,0;0,0;0,0;0,0;0,0;0,0;0,0;0,0;0,0;0,0;0,0;0,0;;
2.3.2.3.1;under;neg;pos;DA_lt_imb;no_flow;export;no_flow_to_export;under__da_neg__imb_pos__DA_lt_imb__plan_no_flow__real_export;319;38;105;43;61;86;129;61,62471691081039;7,7864063316783225;14,729851088320002;14,743231038308725;24,36522845250334;2,3318104437370764;0,0;2,3318104437370764;-0,827163058540829;3,158973502277921;0,2452845841923641;0,0;0,2452845841923641;-0,0729470917659467;0,3182316759583128;0,6119274122381824;0,0;0,6119274122381824;-0,23346940553581363;0,8453968177739991;0,556871224886401;0,0;0,556871224886401;-0,18505269711043137;0,7419239219968363;0,917727222420129;0,0;0,917727222420129;-0,3356938641286374;1,2534210865487727;physical,source,target,transfer;transfer:2025-09-14 [11:30,11:45]
2.3.2.3.2;under;neg;pos;DA_lt_imb;no_flow;import;no_flow_to_import;under__da_neg__imb_pos__DA_lt_imb__plan_no_flow__real_import;0;0;0;0;0;0;0;0,0;0,0;0,0;0,0;0,0;0,0;0,0;0,0;0,0;0,0;0,0;0,0;0,0;0,0;0,0;0,0;0,0;0,0;0,0;0,0;0,0;0,0;0,0;0,0;0,0;0,0;0,0;0,0;0,0;0,0;;
2.3.2.3.3;under;neg;pos;DA_lt_imb;no_flow;no_flow;no_flow_to_no_flow;under__da_neg__imb_pos__DA_lt_imb__plan_no_flow__real_no_flow;0;0;0;0;0;0;0;0,0;0,0;0,0;0,0;0,0;0,0;0,0;0,0;0,0;0,0;0,0;0,0;0,0;0,0;0,0;0,0;0,0;0,0;0,0;0,0;0,0;0,0;0,0;0,0;0,0;0,0;0,0;0,0;0,0;0,0;;
2.4.1.1.1;under;pos;neg;DA_gt_imb;export;export;export_to_export;under__da_pos__imb_neg__DA_gt_imb__plan_export__real_export;270;44;111;40;64;81;85;44,80619274997252;6,125753731385842;13,852315517820003;12,447621763600003;12,38050173716667;-0,7367451399366468;0,0;-0,7367451399366468;2,0888564076532266;-2,825601547589884;-0,11717242750787366;0,0;-0,11717242750787366;0,3073962976645823;-0,42456872517245775;-0,18023413879473663;0,0;-0,18023413879473663;0,681027256147341;-0,8612613949420802;-0,23017900989091544;0,0;-0,23017900989091544;0,5626912045762261;-0,7928702144671443;-0,20915956374312109;0,0;-0,20915956374312109;0,5377416492650771;-0,7469012130082014;physical,source,target,transfer;
2.4.1.1.2;under;pos;neg;DA_gt_imb;export;import;export_to_import;under__da_pos__imb_neg__DA_gt_imb__plan_export__real_import;0;0;0;0;0;0;0;0,0;0,0;0,0;0,0;0,0;0,0;0,0;0,0;0,0;0,0;0,0;0,0;0,0;0,0;0,0;0,0;0,0;0,0;0,0;0,0;0,0;0,0;0,0;0,0;0,0;0,0;0,0;0,0;0,0;0,0;;
2.4.1.1.3;under;pos;neg;DA_gt_imb;export;no_flow;export_to_no_flow;under__da_pos__imb_neg__DA_gt_imb__plan_export__real_no_flow;0;0;0;0;0;0;0;0,0;0,0;0,0;0,0;0,0;0,0;0,0;0,0;0,0;0,0;0,0;0,0;0,0;0,0;0,0;0,0;0,0;0,0;0,0;0,0;0,0;0,0;0,0;0,0;0,0;0,0;0,0;0,0;0,0;0,0;;
2.4.1.2.1;under;pos;neg;DA_gt_imb;import;export;import_to_export;under__da_pos__imb_neg__DA_gt_imb__plan_import__real_export;37;13;18;2;16;5;14;17,883084039165254;0,9646407580985851;7,887828303070001;3,354860275783334;5,675754702213333;0,27127299447561626;0,7125142299683711;-0,4412412354927548;0,4139775405106387;-0,8552187760033952;0,003058962546522536;0,019024576279232736;-0,015965613732710198;0,046101065509913164;-0,062066679242623435;0,1819785140005629;0,3758538237775963;-0,1938753097770334;0,1549281462168648;-0,34880345599389895;0,009213794221117875;0,08093417533730657;-0,0717203811161887;0,11202959464711103;-0,18374997576330004;0,07702172370741295;0,23670165457423545;-0,1596799308668225;0,10091873413674973;-0,2605986650035728;physical,source,target,transfer;
2.4.1.2.2;under;pos;neg;DA_gt_imb;import;import;import_to_import;under__da_pos__imb_neg__DA_gt_imb__plan_import__real_import;22;9;12;8;9;0;5;2,1436368199016194;0,18637422693828573;1,2309576853300004;0,0;0,7263049076333333;0,2400958659686409;0,27517865857077184;-0,03508279260213092;0,04843942762937944;-0,0835222202315109;0,020469356721423096;0,02392485951206815;-0,0034555027906450534;0,010971919406273935;-0,01442742219691919;0,13938358329819747;0,15801803806581252;-0,018634454767615067;0,024183397001684172;-0,04281785176929938;0,0;0,0;0,0;0,0;0,0;0,08024292594902036;0,09323576099289116;-0,0129928350438708;0,013284111221421336;-0,026276946265292336;physical,source,transfer;source:2025-09-24 [16:30]
2.4.1.2.3;under;pos;neg;DA_gt_imb;import;no_flow;import_to_no_flow;under__da_pos__imb_neg__DA_gt_imb__plan_import__real_no_flow;0;0;0;0;0;0;0;0,0;0,0;0,0;0,0;0,0;0,0;0,0;0,0;0,0;0,0;0,0;0,0;0,0;0,0;0,0;0,0;0,0;0,0;0,0;0,0;0,0;0,0;0,0;0,0;0,0;0,0;0,0;0,0;0,0;0,0;;
2.4.1.3.1;under;pos;neg;DA_gt_imb;no_flow;export;no_flow_to_export;under__da_pos__imb_neg__DA_gt_imb__plan_no_flow__real_export;595;61;169;80;126;192;197;150,26734044393058;21,178418790742537;32,652246778863294;47,67472604411667;48,76194883020809;-2,914501302370826;-1,3506445069900447e-10;-2,9145013022357613;5,494022850684605;-8,408524152920393;-0,3487562767645269;0,0;-0,3487562767645269;0,8101446881356797;-1,1589009649002098;-0,8074213852201401;0,0;-0,8074213852201401;1,397246407582147;-2,2046677928022933;-0,7662723395251838;0,0;-0,7662723395251838;1,577150051095959;-2,3434223906211504;-0,9920513008609751;-1,3506445069900447e-10;-0,9920513007259107;1,709481703870819;-2,7015330045967385;physical,source,target,transfer;transfer:2025-09-14 [14:15,14:30,15:30,16:30]
2.4.1.3.2;under;pos;neg;DA_gt_imb;no_flow;import;no_flow_to_import;under__da_pos__imb_neg__DA_gt_imb__plan_no_flow__real_import;0;0;0;0;0;0;0;0,0;0,0;0,0;0,0;0,0;0,0;0,0;0,0;0,0;0,0;0,0;0,0;0,0;0,0;0,0;0,0;0,0;0,0;0,0;0,0;0,0;0,0;0,0;0,0;0,0;0,0;0,0;0,0;0,0;0,0;;
2.4.1.3.3;under;pos;neg;DA_gt_imb;no_flow;no_flow;no_flow_to_no_flow;under__da_pos__imb_neg__DA_gt_imb__plan_no_flow__real_no_flow;0;0;0;0;0;0;0;0,0;0,0;0,0;0,0;0,0;0,0;0,0;0,0;0,0;0,0;0,0;0,0;0,0;0,0;0,0;0,0;0,0;0,0;0,0;0,0;0,0;0,0;0,0;0,0;0,0;0,0;0,0;0,0;0,0;0,0;;
2.4.2.1.1;under;pos;neg;DA_lt_imb;export;export;export_to_export;under__da_pos__imb_neg__DA_lt_imb__plan_export__real_export;0;0;0;0;0;0;0;0,0;0,0;0,0;0,0;0,0;0,0;0,0;0,0;0,0;0,0;0,0;0,0;0,0;0,0;0,0;0,0;0,0;0,0;0,0;0,0;0,0;0,0;0,0;0,0;0,0;0,0;0,0;0,0;0,0;0,0;;
2.4.2.1.2;under;pos;neg;DA_lt_imb;export;import;export_to_import;under__da_pos__imb_neg__DA_lt_imb__plan_export__real_import;0;0;0;0;0;0;0;0,0;0,0;0,0;0,0;0,0;0,0;0,0;0,0;0,0;0,0;0,0;0,0;0,0;0,0;0,0;0,0;0,0;0,0;0,0;0,0;0,0;0,0;0,0;0,0;0,0;0,0;0,0;0,0;0,0;0,0;;
2.4.2.1.3;under;pos;neg;DA_lt_imb;export;no_flow;export_to_no_flow;under__da_pos__imb_neg__DA_lt_imb__plan_export__real_no_flow;0;0;0;0;0;0;0;0,0;0,0;0,0;0,0;0,0;0,0;0,0;0,0;0,0;0,0;0,0;0,0;0,0;0,0;0,0;0,0;0,0;0,0;0,0;0,0;0,0;0,0;0,0;0,0;0,0;0,0;0,0;0,0;0,0;0,0;;
2.4.2.2.1;under;pos;neg;DA_lt_imb;import;export;import_to_export;under__da_pos__imb_neg__DA_lt_imb__plan_import__real_export;0;0;0;0;0;0;0;0,0;0,0;0,0;0,0;0,0;0,0;0,0;0,0;0,0;0,0;0,0;0,0;0,0;0,0;0,0;0,0;0,0;0,0;0,0;0,0;0,0;0,0;0,0;0,0;0,0;0,0;0,0;0,0;0,0;0,0;;
2.4.2.2.2;under;pos;neg;DA_lt_imb;import;import;import_to_import;under__da_pos__imb_neg__DA_lt_imb__plan_import__real_import;0;0;0;0;0;0;0;0,0;0,0;0,0;0,0;0,0;0,0;0,0;0,0;0,0;0,0;0,0;0,0;0,0;0,0;0,0;0,0;0,0;0,0;0,0;0,0;0,0;0,0;0,0;0,0;0,0;0,0;0,0;0,0;0,0;0,0;;
2.4.2.2.3;under;pos;neg;DA_lt_imb;import;no_flow;import_to_no_flow;under__da_pos__imb_neg__DA_lt_imb__plan_import__real_no_flow;0;0;0;0;0;0;0;0,0;0,0;0,0;0,0;0,0;0,0;0,0;0,0;0,0;0,0;0,0;0,0;0,0;0,0;0,0;0,0;0,0;0,0;0,0;0,0;0,0;0,0;0,0;0,0;0,0;0,0;0,0;0,0;0,0;0,0;;
2.4.2.3.1;under;pos;neg;DA_lt_imb;no_flow;export;no_flow_to_export;under__da_pos__imb_neg__DA_lt_imb__plan_no_flow__real_export;0;0;0;0;0;0;0;0,0;0,0;0,0;0,0;0,0;0,0;0,0;0,0;0,0;0,0;0,0;0,0;0,0;0,0;0,0;0,0;0,0;0,0;0,0;0,0;0,0;0,0;0,0;0,0;0,0;0,0;0,0;0,0;0,0;0,0;;
2.4.2.3.2;under;pos;neg;DA_lt_imb;no_flow;import;no_flow_to_import;under__da_pos__imb_neg__DA_lt_imb__plan_no_flow__real_import;0;0;0;0;0;0;0;0,0;0,0;0,0;0,0;0,0;0,0;0,0;0,0;0,0;0,0;0,0;0,0;0,0;0,0;0,0;0,0;0,0;0,0;0,0;0,0;0,0;0,0;0,0;0,0;0,0;0,0;0,0;0,0;0,0;0,0;;
2.4.2.3.3;under;pos;neg;DA_lt_imb;no_flow;no_flow;no_flow_to_no_flow;under__da_pos__imb_neg__DA_lt_imb__plan_no_flow__real_no_flow;0;0;0;0;0;0;0;0,0;0,0;0,0;0,0;0,0;0,0;0,0;0,0;0,0;0,0;0,0;0,0;0,0;0,0;0,0;0,0;0,0;0,0;0,0;0,0;0,0;0,0;0,0;0,0;0,0;0,0;0,0;0,0;0,0;0,0;;
2.2.1.1.1;under;pos;pos;DA_gt_imb;export;export;export_to_export;under__da_pos__imb_pos__DA_gt_imb__plan_export__real_export;1334;80;283;345;354;323;312;193,68474907519624;34,698206312277335;67,320838368768;41,699054490784654;49,96664990336626;12,542302280688153;0,0;12,542302280688153;21,39284851569465;-8,850546235006435;2,4013582582664603;0,0;2,4013582582664603;4,117538019589449;-1,7161797613229737;4,567986494600739;0,0;4,567986494600739;7,715003956996571;-3,1470174623958145;2,5114882366162843;0,0;2,5114882366162843;4,413719144769338;-1,9022309081530393;3,061469291204668;0,0;3,061469291204668;5,14658739433929;-2,085118103134607;physical,source,target,transfer;physical:2025-08-10 [18:45,19:45]|target:2025-07-21 [15:45,16:30,16:45,17:15,17:30,17:45,18:30,18:45,19:45,20:00]|transfer:2025-09-14 [19:30]
2.2.1.1.2;under;pos;pos;DA_gt_imb;export;import;export_to_import;under__da_pos__imb_pos__DA_gt_imb__plan_export__real_import;0;0;0;0;0;0;0;0,0;0,0;0,0;0,0;0,0;0,0;0,0;0,0;0,0;0,0;0,0;0,0;0,0;0,0;0,0;0,0;0,0;0,0;0,0;0,0;0,0;0,0;0,0;0,0;0,0;0,0;0,0;0,0;0,0;0,0;;
2.2.1.1.3;under;pos;pos;DA_gt_imb;export;no_flow;export_to_no_flow;under__da_pos__imb_pos__DA_gt_imb__plan_export__real_no_flow;0;0;0;0;0;0;0;0,0;0,0;0,0;0,0;0,0;0,0;0,0;0,0;0,0;0,0;0,0;0,0;0,0;0,0;0,0;0,0;0,0;0,0;0,0;0,0;0,0;0,0;0,0;0,0;0,0;0,0;0,0;0,0;0,0;0,0;;
2.2.1.2.1;under;pos;pos;DA_gt_imb;import;export;import_to_export;under__da_pos__imb_pos__DA_gt_imb__plan_import__real_export;78;32;46;15;42;7;14;20,64219377454438;1,8276696013239153;10,477690492127135;3,546926983946666;4,789906697146667;1,7050897339521742;0,9441783695012647;0,7609113644509096;1,3195936384283549;-0,5586822739774422;0,1539125660395945;0,10822243809686051;0,045690127942734;0,11703257523395263;-0,07134244729121807;1,055946692741069;0,49931265233027994;0,5566340404107891;0,8561512737390499;-0,2995172333282589;0,14956276354923875;0,13403377182977974;0,015528991719458998;0,07944329744107667;-0,06391430572161733;0,34566771162227194;0,20260950724434446;0,1430582043779275;0,2669664920142758;-0,1239082876363478;physical,source,target,transfer;
2.2.1.2.2;under;pos;pos;DA_gt_imb;import;import;import_to_import;under__da_pos__imb_pos__DA_gt_imb__plan_import__real_import;86;28;63;17;29;17;23;6,02814552951507;0,8238603027359028;2,841707135564;0,8405908927466681;1,5219871984684998;1,0280552335549178;0,7738330416238534;0,2542221919310645;0,4128069330750143;-0,15858474114394705;0,1361853253647801;0,10575894706220865;0,030426378302571458;0,0605884973833754;-0,030162119080803424;0,496015990725167;0,36478994499235196;0,13122604573281507;0,1908979122652345;-0,05967186653241835;0,13828971505164636;0,1079066529018905;0,030383062149755873;0,052764213050027514;-0,022381150900271197;0,25756420241332434;0,19537749666740228;0,06218670574592208;0,1085563103763769;-0,04636960463045409;physical,source,target,transfer;source:2025-09-24 [11:45]
2.2.1.2.3;under;pos;pos;DA_gt_imb;import;no_flow;import_to_no_flow;under__da_pos__imb_pos__DA_gt_imb__plan_import__real_no_flow;0;0;0;0;0;0;0;0,0;0,0;0,0;0,0;0,0;0,0;0,0;0,0;0,0;0,0;0,0;0,0;0,0;0,0;0,0;0,0;0,0;0,0;0,0;0,0;0,0;0,0;0,0;0,0;0,0;0,0;0,0;0,0;0,0;0,0;;
2.2.1.3.1;under;pos;pos;DA_gt_imb;no_flow;export;no_flow_to_export;under__da_pos__imb_pos__DA_gt_imb__plan_no_flow__real_export;1808;86;302;366;603;415;424;306,7809259665237;47,75679096716865;106,5215348998043;73,86323863952164;78,63936146002911;13,436713548451452;-2,4713264578350305e-10;13,436713548698584;23,184325224530323;-9,747611675831664;2,042392988565682;0,0;2,042392988565682;3,660764781806186;-1,6183717932404895;5,795158282445848;0,0;5,795158282445848;9,457260422283438;-3,662102139837563;2,6443527576196977;0,0;2,6443527576196977;4,701069156071867;-2,0567163984521524;2,9548095198202247;-2,4713264578350305e-10;2,954809520067357;5,365230864368833;-2,4104213443014584;physical,source,target,transfer;physical:2025-08-10 [19:00,19:15,19:30]|source:2025-09-24 [11:15,15:15]|target:2025-07-21 [16:15,17:00]
2.2.1.3.2;under;pos;pos;DA_gt_imb;no_flow;import;no_flow_to_import;under__da_pos__imb_pos__DA_gt_imb__plan_no_flow__real_import;0;0;0;0;0;0;0;0,0;0,0;0,0;0,0;0,0;0,0;0,0;0,0;0,0;0,0;0,0;0,0;0,0;0,0;0,0;0,0;0,0;0,0;0,0;0,0;0,0;0,0;0,0;0,0;0,0;0,0;0,0;0,0;0,0;0,0;;
2.2.1.3.3;under;pos;pos;DA_gt_imb;no_flow;no_flow;no_flow_to_no_flow;under__da_pos__imb_pos__DA_gt_imb__plan_no_flow__real_no_flow;0;0;0;0;0;0;0;0,0;0,0;0,0;0,0;0,0;0,0;0,0;0,0;0,0;0,0;0,0;0,0;0,0;0,0;0,0;0,0;0,0;0,0;0,0;0,0;0,0;0,0;0,0;0,0;0,0;0,0;0,0;0,0;0,0;0,0;;
2.2.2.1.1;under;pos;pos;DA_lt_imb;export;export;export_to_export;under__da_pos__imb_pos__DA_lt_imb__plan_export__real_export;1076;79;249;236;251;292;297;160,79581559210718;30,362110649339392;52,54643534761882;38,69894300441032;39,188326590738654;21,705238829203683;0,0;21,705238829203683;13,662217115558304;8,043021713645427;4,300558390862417;0,0;4,300558390862417;2,752686576975691;1,5478718138867367;7,1014621154666155;0,0;7,1014621154666155;4,670579749743552;2,4308823657230754;5,1994046547188315;0,0;5,1994046547188315;3,0830133234494412;2,116391331269403;5,103813668155821;0,0;5,103813668155821;3,1559374653896217;1,9478762027662124;physical,source,target,transfer;target:2025-07-21 [21:00]
2.2.2.1.2;under;pos;pos;DA_lt_imb;export;import;export_to_import;under__da_pos__imb_pos__DA_lt_imb__plan_export__real_import;0;0;0;0;0;0;0;0,0;0,0;0,0;0,0;0,0;0,0;0,0;0,0;0,0;0,0;0,0;0,0;0,0;0,0;0,0;0,0;0,0;0,0;0,0;0,0;0,0;0,0;0,0;0,0;0,0;0,0;0,0;0,0;0,0;0,0;;
2.2.2.1.3;under;pos;pos;DA_lt_imb;export;no_flow;export_to_no_flow;under__da_pos__imb_pos__DA_lt_imb__plan_export__real_no_flow;0;0;0;0;0;0;0;0,0;0,0;0,0;0,0;0,0;0,0;0,0;0,0;0,0;0,0;0,0;0,0;0,0;0,0;0,0;0,0;0,0;0,0;0,0;0,0;0,0;0,0;0,0;0,0;0,0;0,0;0,0;0,0;0,0;0,0;;
2.2.2.2.1;under;pos;pos;DA_lt_imb;import;export;import_to_export;under__da_pos__imb_pos__DA_lt_imb__plan_import__real_export;128;30;58;22;67;12;27;36,03871107307319;4,996922530811523;17,814550931314997;3,7985957537900004;9,428641857156668;5,383324059618581;1,7247717484685967;3,6585523111499847;1,6715865207081864;1,9869657904418037;0,7175056269002861;0,20935758237109597;0,50814804452919;0,2703809225847067;0,23776712194448416;2,9756776383411174;0,9491941367115684;2,026483501629549;0,860151156166035;1,1663323454635168;0,4258273932462233;0,1538711181890225;0,2719562750572008;0,14609730098157556;0,12585897407562574;1,2643134011309545;0,41234891119690975;0,8519644899340448;0,39495714097586915;0,4570073489581768;physical,source,target,transfer;transfer:2025-09-14 [13:00]
2.2.2.2.2;under;pos;pos;DA_lt_imb;import;import;import_to_import;under__da_pos__imb_pos__DA_lt_imb__plan_import__real_import;142;34;53;27;79;11;25;12,313231045683478;0,8364318062772184;8,513303542211029;0,1908963410346673;2,772599356160564;3,179789594605566;1,5806494693343942;1,5991401252711719;0,49820160389997903;1,1009385213711989;0,21744508739349178;0,10737275097180767;0,1100723364216841;0,049807222219305315;0,06026511420237996;2,2075327910854825;1,092852775713633;1,1146800153718495;0,3570180351420447;0,7576619802298085;0,04411040160795379;0,024505363298620714;0,019605038309333075;0,016899983284953658;0,002705055024379545;0,7107013145186378;0,3559185793503327;0,35478273516830505;0,0744763632536753;0,280306371914631;physical,source,target,transfer;source:2025-09-24 [11:30]
2.2.2.2.3;under;pos;pos;DA_lt_imb;import;no_flow;import_to_no_flow;under__da_pos__imb_pos__DA_lt_imb__plan_import__real_no_flow;0;0;0;0;0;0;0;0,0;0,0;0,0;0,0;0,0;0,0;0,0;0,0;0,0;0,0;0,0;0,0;0,0;0,0;0,0;0,0;0,0;0,0;0,0;0,0;0,0;0,0;0,0;0,0;0,0;0,0;0,0;0,0;0,0;0,0;;
2.2.2.3.1;under;pos;pos;DA_lt_imb;no_flow;export;no_flow_to_export;under__da_pos__imb_pos__DA_lt_imb__plan_no_flow__real_export;1816;89;316;310;597;416;493;318,0437570982104;39,265233655872805;118,342282561897;73,5595575733694;86,87668330707116;34,456862777741634;0,0;34,456862777741634;19,06681638138107;15,390046396360644;4,327596740752654;0,0;4,327596740752654;2,581359133673085;1,7462376070795824;13,639328974487004;0,0;13,639328974487004;8,11174119025027;5,527587784236761;7,11575435522219;0,0;7,11575435522219;3,67662013661814;3,4391342186040674;9,374182707279788;0,0;9,374182707279788;4,697095920839577;4,677086786440232;physical,source,target,transfer;physical:2025-08-10 [20:00,20:15,20:30]|target:2025-07-21 [16:00,18:00,18:15,23:30]|transfer:2025-09-14 [08:45,12:30,13:15,16:15,18:00]
2.2.2.3.2;under;pos;pos;DA_lt_imb;no_flow;import;no_flow_to_import;under__da_pos__imb_pos__DA_lt_imb__plan_no_flow__real_import;0;0;0;0;0;0;0;0,0;0,0;0,0;0,0;0,0;0,0;0,0;0,0;0,0;0,0;0,0;0,0;0,0;0,0;0,0;0,0;0,0;0,0;0,0;0,0;0,0;0,0;0,0;0,0;0,0;0,0;0,0;0,0;0,0;0,0;;
2.2.2.3.3;under;pos;pos;DA_lt_imb;no_flow;no_flow;no_flow_to_no_flow;under__da_pos__imb_pos__DA_lt_imb__plan_no_flow__real_no_flow;0;0;0;0;0;0;0;0,0;0,0;0,0;0,0;0,0;0,0;0,0;0,0;0,0;0,0;0,0;0,0;0,0;0,0;0,0;0,0;0,0;0,0;0,0;0,0;0,0;0,0;0,0;0,0;0,0;0,0;0,0;0,0;0,0;0,0;;
