Uhrzeit;Netzbezug [kW];Netzeinspeisung [kW];Stromverbrauch [kW];Akkubeladung [kW];Akkuentnahme [kW];Stromerzeugung [kW];Akku Spannung [V];Akku Stromstärke [A]
21.07.2025 00:10:25;0,220457;0;0,227756;0;0,00876;0;49,370998;-0,19
21.07.2025 00:20:29;0,298304;0;0,314311;0;0,010186;0;49,368;-0,19
21.07.2025 00:25:31;0,296849;0;0,30267;0;0,008731;0;49,366001;-0,19
21.07.2025 00:30:33;0,296849;0;0,30267;0;0,008731;0;49,362999;-0,19
21.07.2025 00:35:36;0,29877;0;0,301671;0;0,008702;0;49,362;-0,19
21.07.2025 00:40:38;0,20372;0;0,209541;0;0,011641;0;49,358002;-0,19
21.07.2025 00:45:39;0,189797;0;0,198557;0;0,00876;0;49,355999;-0,19
21.07.2025 00:50:39;0,178711;0;0,199219;0;0,008789;0;49,354;-0,19
21.07.2025 00:55:42;0,223352;0;0,232054;0;0,008702;0;49,351002;-0,19
21.07.2025 01:00:44;0,296849;0;0,30267;0;0,008731;0;49,348999;-0,19
21.07.2025 01:05:46;0,288118;0;0,30267;0;0,008731;0;49,348;-0,19
21.07.2025 01:10:48;0,288118;0;0,291029;0;0,014551;0;49,345001;-0,19
21.07.2025 01:15:49;0,283236;0;0,291995;0;0,00876;0;49,342999;-0,19
21.07.2025 01:20:51;0,267746;0;0,279387;0;0,008731;0;49,341;-0,19
21.07.2025 01:25:53;0,177527;0;0,186258;0;0,008731;0;49,337002;-0,19
21.07.2025 01:35:57;0,176072;0;0,186258;0;0,008731;0;49,334;-0,18
21.07.2025 01:41:00;0,34228;0;0,348082;0;0,011603;0;49,332001;-0,19
21.07.2025 01:46:00;0,380859;0;0,398438;0;0,008789;0;49,330002;-0,18
21.07.2025 01:56:03;0,364389;0;0,373134;0;0,008745;0;49,326;-0,19
21.07.2025 02:06:07;0,346324;0;0,355055;0;0,008731;0;49,32;-0,19
21.07.2025 02:11:08;0,265716;0;0,268636;0;0,00876;0;49,319;-0,19
21.07.2025 02:16:09;0,189797;0;0,198557;0;0,01168;0;49,316002;-0,19
21.07.2025 02:21:10;0,186877;0;0,198557;0;0,00876;0;49,313999;-0,19
21.07.2025 02:31:14;0,210996;0;0,221182;0;0,008731;0;49,310001;-0,19
21.07.2025 02:36:16;0,282298;0;0,291029;0;0,008731;0;49,307999;-0,19
21.07.2025 02:46:20;0,275022;0;0,279387;0;0,008731;0;49,303001;-0,19
21.07.2025 02:56:22;0,236516;0;0,251116;0;0,00876;0;49,299;-0,19
21.07.2025 03:11:28;0,164916;0;0,170737;0;0,009701;0;49,292;-0,16
21.07.2025 03:16:29;0,265716;0;0,280316;0;0,00876;0;49,291;-0,17
21.07.2025 03:26:34;0,274567;0;0,290548;0;0,008716;0;49,285;-0,19
21.07.2025 03:31:36;0,270657;0;0,267746;0;0,011641;0;49,284;-0,18
21.07.2025 03:36:38;0,273567;0;0,279387;0;0,008731;0;49,280998;-0,18
21.07.2025 03:46:42;0,267746;0;0,279387;0;0,008731;0;49,276001;-0,19
21.07.2025 04:06:50;0,304852;0;0,314311;0;0,009458;0;49,269001;-0,19
21.07.2025 04:16:54;0,277932;0;0,285208;0;0,008731;0;49,264;-0,19
21.07.2025 04:21:56;0,267746;0;0,279387;0;0,008731;0;49,261002;-0,19
21.07.2025 04:26:58;0,235733;0;0,244464;0;0,008731;0;49,258999;-0,19
21.07.2025 04:42:02;0,164309;0;0,175003;0;0,009722;0;49,251999;-0,19
21.07.2025 04:52:06;0,261926;0;0,267746;0;0,008731;0;49,248001;-0,19
21.07.2025 05:07:12;0,291999;0;0,30267;0;0,009701;0;49,242001;-0,19
21.07.2025 05:12:14;0,224092;0;0,232823;0;0,008731;0;49,238998;-0,17
21.07.2025 05:27:18;0,185698;0;0,194448;0;0,00875;0;49,230999;-0,19
21.07.2025 05:32:20;0,328862;0;0,337593;0;0,011641;0;49,23;-0,19
21.07.2025 05:42:25;2,061435;0;2,074509;0;0,010169;0;49,224998;-0,19
21.07.2025 05:47:27;4,249017;0;4,249017;0;0,008731;0;49,223999;-0,19
21.07.2025 05:52:28;4,117136;0;4,134655;0;0,00876;0;49,222;-0,19
21.07.2025 06:02:33;0,835324;0;0,842588;0;0,008716;0;49,216999;-0,19
21.07.2025 06:12:37;0,222637;0;0,232823;0;0,010186;0;49,213001;-0,19
21.07.2025 06:17:38;0,210237;0;0,245276;0;0,00876;0,02336;49,210999;-0,19
21.07.2025 06:27:43;0,30798;0;0,377712;0;0,008716;0,05811;49,205002;-0,17
21.07.2025 06:32:44;0,218997;0;0,373754;0;0,00876;0,163517;49,203999;-0,19
21.07.2025 06:42:46;0,119718;0;0,379594;0;0,01022;0,245276;49,199001;-0,17
21.07.2025 06:52:50;0,133873;0,017462;0,430722;0;0,008731;0,314311;49,195999;-0,19
21.07.2025 06:57:52;0,110591;0,011641;0,442363;0;0,008731;0,325952;49,193001;-0,19
21.07.2025 07:07:57;0,033413;0,011622;0,319602;0;0,008716;0,290548;49,188999;-0,19
21.07.2025 07:12:59;0,040744;0;0,372517;0;0,008731;0,30267;49,187;-0,19
21.07.2025 07:23:00;1,228421;0,00585;1,538452;0;0,008774;0,31588;49,181999;-0,19
21.07.2025 07:28:03;0,072517;0,034808;0,348082;0;0,011603;0,301671;49,18;-0,17
21.07.2025 07:33:05;0;0,023282;0,221182;0;0,008731;0,232823;49,178001;-0,16
21.07.2025 07:38:06;0;0,02336;0,221917;0;0,00876;0,233596;49,175999;-0,17
21.07.2025 07:43:09;0,092822;0;0,290068;0;0,008702;0,185644;49,174;-0,18
21.07.2025 07:48:10;0,218997;0;0,408794;0;0,00876;0,163517;49,172001;-0,2
21.07.2025 07:53:11;0,262796;0;0,420473;0;0,00876;0,163517;49,168999;-0,19
21.07.2025 07:58:10;0,355678;0;0,517349;0;0,008818;0,164611;49,166;-0,19
21.07.2025 08:03:11;0,283236;0;0,420473;0;0,00876;0,140158;49,164001;-0,19
21.07.2025 08:08:13;0,20663;0;0,384158;0;0,008731;0,162976;49,161999;-0,19
21.07.2025 08:18:16;0,068505;0,029151;0,279851;0;0,010203;0,221549;49,158001;-0,19
21.07.2025 08:23:16;0;0,128906;0,210938;0;0,008789;0,328125;49,157001;-0,18
21.07.2025 08:28:19;0;0,208849;0,220452;0;0,008702;0,417698;49,153;-0,19
21.07.2025 08:33:21;0,005821;0,186258;0,244464;0;0,008731;0,442363;49,151001;-0,19
21.07.2025 08:38:22;0,00876;0,116798;0,397114;0;0,00876;0,490552;49,148998;-0,19
21.07.2025 08:43:25;0;0,139233;0,498917;0;0,008702;0,603342;49,146999;-0,19
21.07.2025 08:48:27;0;0,197899;0,477287;0;0,008731;0,675186;49,146;-0,19
21.07.2025 08:53:29;0;0,116411;0,477287;0;0,008731;0,582057;49,144001;-0,19
21.07.2025 09:03:31;0;0,291995;0,385434;0;0,00876;0,677429;49,138;-0,19
21.07.2025 09:08:33;0;0,139694;0,337593;0;0,011641;0,442363;49,136002;-0,19
21.07.2025 09:13:34;0,00584;0,093439;0,327035;0;0,00876;0,443833;49,133999;-0,17
21.07.2025 09:18:36;0,046565;0;0,442363;0;0,008731;0,349234;49,132999;-0,19
21.07.2025 09:28:41;0,024697;0;0,43001;0;0,008716;0,395145;49,129002;-0,19
21.07.2025 09:33:44;0;0,011603;0,417698;0;0,008702;0,440903;49,125999;-0,17
21.07.2025 09:43:54;0,056192;0,011527;0,403432;0;0,008645;0,345799;49,122002;-0,18
21.07.2025 09:48:53;0;0,211643;0,411528;0;0,008818;0,611413;49,119999;-0,19
21.07.2025 09:58:59;0,00145;0,388691;0,411897;0;0,010152;0,788985;49,116001;-0,19
21.07.2025 10:04:00;0;0,280316;0,478873;0;0,01168;0,770868;49,115002;-0,19
21.07.2025 10:09:01;0;0,338715;0,455513;0;0,00876;0,770868;49,112;-0,19
21.07.2025 10:14:02;0;0,513912;0,408794;0;0,00584;0,911026;49,110001;-0,18
21.07.2025 10:19:01;0;0,482076;0,411528;0;0,011758;0,893604;49,109001;-0,19
21.07.2025 10:24:04;0;0,649752;0,38289;0;0,008702;1,02104;49,106998;-0,19
21.07.2025 10:29:03;0;0,587897;0,293949;0;0,008818;0,870088;49,104;-0,18
21.07.2025 10:34:05;0;0,500569;0,279387;0;0,008731;0,768315;49,101002;-0,19
21.07.2025 10:39:07;0;0,477287;0,325952;0;0,008731;0,791598;49,099998;-0,19
21.07.2025 10:44:09;0,00291;0,360875;0,360875;0;0,011641;0,721751;49,098999;-0,17
21.07.2025 10:49:11;0;0,256105;0,419081;0;0,008731;0,651904;49,096001;-0,18
21.07.2025 10:54:13;0;0,139694;0,430722;0;0,008731;0,558775;49,094002;-0,19
21.07.2025 10:59:15;0;0,162976;0,430722;0;0,008731;0,582057;49,091999;-0,18
21.07.2025 11:04:15;0;0,421875;0,421875;0;0,008789;0,867188;49,09;-0,19
21.07.2025 11:09:17;0;0,454005;0,372517;0;0,008731;0,791598;49,088001;-0,19
21.07.2025 11:14:19;0;0,395799;0,30267;0;0,008731;0,698469;49,087002;-0,19
21.07.2025 11:19:21;0;0,325952;0,30267;0;0,011641;0,628622;49,084;-0,18
21.07.2025 11:24:23;0;0,360875;0,314311;0;0,008731;0,651904;49,082001;-0,17
21.07.2025 11:29:23;0,055664;0,035156;0,410156;0;0,008789;0,375;49,080002;-0,19
21.07.2025 11:34:25;0,896368;0;0,465646;0,777046;0;0,349234;49,374001;15,97
21.07.2025 11:39:27;0,846893;0;0,465646;0,791598;0;0,395799;49,488998;16,059999
21.07.2025 11:44:29;0,648994;0;0,558775;0,791598;0;0,721751;49,589001;16,01
21.07.2025 11:49:31;0,357965;0,023282;0,558775;0,765405;0;0,977856;49,560001;-0,22
21.07.2025 11:54:35;0;0,555099;0,497276;0;0,008673;1,04081;49,485001;-0,19
21.07.2025 11:59:35;0;0,632813;0,410156;0;0,011719;1,03125;49,471001;-0,2
21.07.2025 12:04:38;0;0,719369;0,371287;0;0,008702;1,090656;49,465;-0,19
21.07.2025 12:09:39;0;0,969425;0,315355;0;0,00876;1,26142;49,460999;-0,21
21.07.2025 12:14:42;0,002901;0,707766;0,313274;0;0,011603;1,044245;49,458;-0,21
21.07.2025 12:19:44;0;0,221182;0,419081;0;0,008731;0,605339;49,455002;-0,19
21.07.2025 12:24:47;0;0,162438;0,429301;0;0,008702;0,580136;49,452999;-0,17
21.07.2025 12:29:46;0,008818;0,011758;0,435044;0;0,008818;0,423286;49,450001;-0,17
21.07.2025 12:34:47;0,02044;0,01168;0,432153;0;0,00876;0,420473;49,448002;-0,17
21.07.2025 12:39:49;0;0,093129;0,395799;0;0,008731;0,488928;49,445999;-0,18
21.07.2025 12:44:52;0,664256;0,069616;1,032642;0;0,008702;0,417698;49,442001;-0,17
21.07.2025 12:49:54;0,870175;0,046565;1,280526;0;0,008731;0,465646;49,439999;-0,19
21.07.2025 12:54:54;0,254883;0,082031;0,65625;0;0,008789;0,46875;49,438;-0,16
21.07.2025 12:59:55;0,00292;0,163517;0,455513;0;0,00876;0,60735;49,436001;-0,19
21.07.2025 13:04:55;0;0,457031;0,515625;0;0,008789;0,9375;49,432999;-0,19
21.07.2025 13:09:57;0;0,663545;0,500569;0;0,011641;1,187397;49,431;-0,19
21.07.2025 13:14:59;0;0,605339;0,51221;0;0,008731;1,094267;49,428001;-0,17
21.07.2025 13:20:01;0;1,152473;0,395799;0;0,008731;1,536631;49,426998;-0,19
21.07.2025 13:25:03;0;1,431861;0,349234;0;0,008731;1,769454;49,424;-0,19
21.07.2025 13:30:06;0,029007;0,939821;0,939821;0;0,008702;1,856436;49,422001;-0,18
21.07.2025 13:35:07;0,251116;0,081759;2,429402;0;0,00876;2,219165;49,419998;-0,17
21.07.2025 13:40:10;0;0,25526;2,111696;0;0,008702;2,366955;49,417999;-0,19
21.07.2025 13:45:11;0,00876;1,436618;0,747508;0;0,00876;2,172446;49,414001;-0,19
21.07.2025 13:50:14;0;1,612778;0,51052;0;0,008702;2,111696;49,412998;-0,19
21.07.2025 13:55:15;0;1,541736;0,513912;0;0,01168;2,032288;49,410999;-0,19
21.07.2025 14:00:17;0;1,292167;0,454005;0;0,008731;1,746171;49,408001;-0,19
21.07.2025 14:05:20;0;1,253094;0,417698;0;0,008702;1,670792;49,407001;-0,19
21.07.2025 14:10:18;0;1,262322;0,471896;0;0,008848;1,746015;49,403999;-0,18
21.07.2025 14:15:19;0;1,378218;0,397114;0;0,00876;1,751973;49,402;-0,17
21.07.2025 14:20:19;0;1,171875;0,351563;0;0,017578;1,523438;49,393002;-0,66
21.07.2025 00:00:23;0;0;0;0;0;0;49,375999;-0,19
